[22:03:02] [modloading-worker-0/INFO] ========================================
[22:03:02] [modloading-worker-0/INFO] Minecraft: 1.21.1
[22:03:02] [modloading-worker-0/INFO] Side: server
[22:03:02] [modloading-worker-0/INFO] Development: false
[22:03:02] [modloading-worker-0/INFO] Version: 16.0.799
[22:03:02] [modloading-worker-0/INFO] Loader:
[22:03:02] [modloading-worker-0/INFO] - Forge: null
[22:03:02] [modloading-worker-0/INFO] Dependencies:
[22:03:02] [modloading-worker-0/INFO] - Cloth Config: 15.0.140
[22:03:02] [modloading-worker-0/INFO] - Architectury: 13.0.8
[22:03:02] [modloading-worker-0/INFO] Mixin: 0.8.7
[22:03:02] [modloading-worker-0/INFO] OS: Linux 6.8.0-1044-azure (amd64)
[22:03:02] [modloading-worker-0/INFO] Java: 21.0.9 (Ubuntu)
[22:03:02] [modloading-worker-0/INFO] ========================================
[22:03:02] [modloading-worker-0/INFO] Mods:
[22:03:02] [modloading-worker-0/INFO] - accessories: 1.1.0-beta.53+1.21.1
[22:03:02] [modloading-worker-0/INFO] - accessories_compat_layer: 0.1.12
[22:03:02] [modloading-worker-0/INFO] - alltheleaks: 1.1.7+1.21.1-neoforge
[22:03:02] [modloading-worker-0/INFO] - architectury: 13.0.8
[22:03:02] [modloading-worker-0/INFO] - athena: 4.0.2
[22:03:02] [modloading-worker-0/INFO] - badgebox: 1.1.1
[22:03:02] [modloading-worker-0/INFO] - balm: 21.0.56
[22:03:02] [modloading-worker-0/INFO] - c2me: 0.3.0+alpha.0.90+1.21.1
[22:03:02] [modloading-worker-0/INFO] - c2me_base: 0.3.0+alpha.0.90+1.21.1
[22:03:02] [modloading-worker-0/INFO] - c2me_client_uncapvd: 0.3.0+alpha.0.90+1.21.1
[22:03:02] [modloading-worker-0/INFO] - c2me_fixes_chunkio_threading_issues: 0.3.0+alpha.0.90+1.21.1
[22:03:02] [modloading-worker-0/INFO] - c2me_fixes_general_threading_issues: 0.3.0+alpha.0.90+1.21.1
[22:03:02] [modloading-worker-0/INFO] - c2me_fixes_worldgen_threading_issues: 0.3.0+alpha.0.90+1.21.1
[22:03:02] [modloading-worker-0/INFO] - c2me_fixes_worldgen_vanilla_bugs: 0.3.0+alpha.0.90+1.21.1
[22:03:02] [modloading-worker-0/INFO] - c2me_notickvd: 0.3.0+alpha.0.90+1.21.1
[22:03:02] [modloading-worker-0/INFO] - c2me_opts_allocs: 0.3.0+alpha.0.90+1.21.1
[22:03:02] [modloading-worker-0/INFO] - c2me_opts_chunkio: 0.3.0+alpha.0.90+1.21.1
[22:03:02] [modloading-worker-0/INFO] - c2me_opts_dfc: 0.3.0+alpha.0.90+1.21.1
[22:03:02] [modloading-worker-0/INFO] - c2me_opts_math: 0.3.0+alpha.0.90+1.21.1
[22:03:02] [modloading-worker-0/INFO] - c2me_opts_natives_math: 0.3.0+alpha.0.90+1.21.1
[22:03:02] [modloading-worker-0/INFO] - c2me_opts_scheduling: 0.3.0+alpha.0.90+1.21.1
[22:03:02] [modloading-worker-0/INFO] - c2me_opts_worldgen_general: 0.3.0+alpha.0.90+1.21.1
[22:03:02] [modloading-worker-0/INFO] - c2me_opts_worldgen_vanilla: 0.3.0+alpha.0.90+1.21.1
[22:03:02] [modloading-worker-0/INFO] - c2me_rewrites_chunk_serializer: 0.3.0+alpha.0.90+1.21.1
[22:03:02] [modloading-worker-0/INFO] - c2me_rewrites_chunk_system: 0.3.0+alpha.0.90+1.21.1
[22:03:02] [modloading-worker-0/INFO] - c2me_rewrites_chunkio: 0.3.0+alpha.0.90+1.21.1
[22:03:02] [modloading-worker-0/INFO] - c2me_server_utils: 0.3.0+alpha.0.90+1.21.1
[22:03:02] [modloading-worker-0/INFO] - c2me_threading_lighting: 0.3.0+alpha.0.90+1.21.1
[22:03:02] [modloading-worker-0/INFO] - capture_xp: 1.7.3-neoforge-1.3.0
[22:03:02] [modloading-worker-0/INFO] - cardinal_components_base: 6.1.0
[22:03:02] [modloading-worker-0/INFO] - cardinal_components_entity: 6.1.0
[22:03:02] [modloading-worker-0/INFO] - cclayer: 0.1.12
[22:03:02] [modloading-worker-0/INFO] - chipped: 4.0.2
[22:03:02] [modloading-worker-0/INFO] - chunkloaders: 1.2.8
[22:03:02] [modloading-worker-0/INFO] - cloth_config: 15.0.140
[22:03:02] [modloading-worker-0/INFO] - cobbledollars: 2.0.0+Beta-5.1+1.21.1
[22:03:02] [modloading-worker-0/INFO] - cobblefurnies: 1.0
[22:03:02] [modloading-worker-0/INFO] - cobblemon: 1.7.3+1.21.1
[22:03:02] [modloading-worker-0/INFO] - cobblemon_additions: 4.2.1
[22:03:02] [modloading-worker-0/INFO] - cobblemon_battle_extras: 1.7.27
[22:03:02] [modloading-worker-0/INFO] - cobblemon_manufactory: 0.3.1
[22:03:02] [modloading-worker-0/INFO] - cobblenav: 2.2.5
[22:03:02] [modloading-worker-0/INFO] - cobbleversebadges: 1.3
[22:03:02] [modloading-worker-0/INFO] - cobbreeding: 2.2.1
[22:03:02] [modloading-worker-0/INFO] - collective: 8.13
[22:03:02] [modloading-worker-0/INFO] - comforts: 9.0.5+1.21.1
[22:03:02] [modloading-worker-0/INFO] - connector: 2.0.0-beta.13+1.21.1
[22:03:02] [modloading-worker-0/INFO] - create: 6.0.9
[22:03:02] [modloading-worker-0/INFO] - customskinloader: 14.27
[22:03:02] [modloading-worker-0/INFO] - defaultoptions: 21.1.5
[22:03:02] [modloading-worker-0/INFO] - fabric_api: 0.116.7+2.2.1+1.21.1
[22:03:02] [modloading-worker-0/INFO] - fabric_api_base: 0.4.42+d1308dedd1
[22:03:02] [modloading-worker-0/INFO] - fabric_api_lookup_api_v1: 1.6.71+c290471319
[22:03:02] [modloading-worker-0/INFO] - fabric_biome_api_v1: 13.0.31+1e62d33c19
[22:03:02] [modloading-worker-0/INFO] - fabric_block_api_v1: 1.1.0+b0c22bb819
[22:03:02] [modloading-worker-0/INFO] - fabric_block_view_api_v2: 1.0.11+e9036fd419
[22:03:02] [modloading-worker-0/INFO] - fabric_blockrenderlayer_v1: 1.1.52+c290471319
[22:03:02] [modloading-worker-0/INFO] - fabric_client_tags_api_v1: 1.1.15+e053909619
[22:03:02] [modloading-worker-0/INFO] - fabric_command_api_v2: 2.2.28+36d727be19
[22:03:02] [modloading-worker-0/INFO] - fabric_content_registries_v0: 8.0.19+c290471319
[22:03:02] [modloading-worker-0/INFO] - fabric_convention_tags_v1: 2.1.5+7f945d5b19
[22:03:02] [modloading-worker-0/INFO] - fabric_convention_tags_v2: 2.11.1+87e5848019
[22:03:02] [modloading-worker-0/INFO] - fabric_data_attachment_api_v1: 1.4.5+26d408aa19
[22:03:02] [modloading-worker-0/INFO] - fabric_data_generation_api_v1: 20.2.34+12dbe3c819
[22:03:02] [modloading-worker-0/INFO] - fabric_entity_events_v1: 1.8.0+5ede667619
[22:03:02] [modloading-worker-0/INFO] - fabric_events_interaction_v0: 0.7.13+86e0887119
[22:03:02] [modloading-worker-0/INFO] - fabric_game_rule_api_v1: 1.0.53+36d727be19
[22:03:02] [modloading-worker-0/INFO] - fabric_gametest_api_v1: 2.0.5+29f188ce19
[22:03:02] [modloading-worker-0/INFO] - fabric_item_api_v1: 11.2.0+0c57911319
[22:03:02] [modloading-worker-0/INFO] - fabric_item_group_api_v1: 4.1.7+e324903319
[22:03:02] [modloading-worker-0/INFO] - fabric_key_binding_api_v1: 1.0.47+62cc7ce119
[22:03:02] [modloading-worker-0/INFO] - fabric_language_kotlin: 1.13.9_kotlin.2.3.10
[22:03:02] [modloading-worker-0/INFO] - fabric_lifecycle_events_v1: 2.6.0+e40d8add19
[22:03:02] [modloading-worker-0/INFO] - fabric_loot_api_v2: 3.0.15+a3ee712d19
[22:03:02] [modloading-worker-0/INFO] - fabric_loot_api_v3: 1.0.3+333dfad919
[22:03:02] [modloading-worker-0/INFO] - fabric_message_api_v1: 6.0.14+6a754fce19
[22:03:02] [modloading-worker-0/INFO] - fabric_model_loading_api_v1: 2.1.0+6e8f52c719
[22:03:02] [modloading-worker-0/INFO] - fabric_networking_api_v1: 4.3.0+30a980d919
[22:03:02] [modloading-worker-0/INFO] - fabric_object_builder_api_v1: 15.2.1+cc242efd19
[22:03:02] [modloading-worker-0/INFO] - fabric_particles_v1: 4.0.2+824f924c19
[22:03:02] [modloading-worker-0/INFO] - fabric_recipe_api_v1: 5.0.15+59440bcc19
[22:03:02] [modloading-worker-0/INFO] - fabric_registry_sync_v0: 5.3.1+f9aace1619
[22:03:02] [modloading-worker-0/INFO] - fabric_renderer_api_v1: 3.4.1+6e8f52c719
[22:03:02] [modloading-worker-0/INFO] - fabric_renderer_indigo: 1.7.1+4198af7119
[22:03:02] [modloading-worker-0/INFO] - fabric_rendering_data_attachment_v1: 0.3.49+73761d2e19
[22:03:02] [modloading-worker-0/INFO] - fabric_rendering_fluids_v1: 3.1.6+857185bc19
[22:03:02] [modloading-worker-0/INFO] - fabric_rendering_v1: 5.1.0+1a09bd5a19
[22:03:02] [modloading-worker-0/INFO] - fabric_resource_conditions_api_v1: 4.3.0+5bdd099819
[22:03:02] [modloading-worker-0/INFO] - fabric_resource_loader_v0: 1.3.1+4ea8954419
[22:03:02] [modloading-worker-0/INFO] - fabric_screen_api_v1: 2.0.25+4228281319
[22:03:02] [modloading-worker-0/INFO] - fabric_screen_handler_api_v1: 1.3.90+8dbc56dd19
[22:03:02] [modloading-worker-0/INFO] - fabric_sound_api_v1: 1.0.23+10b84f8419
[22:03:02] [modloading-worker-0/INFO] - fabric_transfer_api_v1: 5.4.3+a25cb45619
[22:03:02] [modloading-worker-0/INFO] - fabric_transitive_access_wideners_v1: 6.2.0+6c854b6f19
[22:03:02] [modloading-worker-0/INFO] - ferritecore: 7.0.3
[22:03:02] [modloading-worker-0/INFO] - fightorflight: 0.10.6
[22:03:02] [modloading-worker-0/INFO] - fix_cobblemon_pokemon_experience: 1.1.1+1.21.1-neoforge
[22:03:02] [modloading-worker-0/INFO] - flywheel: 1.0.6
[22:03:02] [modloading-worker-0/INFO] - forgified_fabric_api: 0.116.7+2.2.1+1.21.1
[22:03:02] [modloading-worker-0/INFO] - fzzy_config: 0.7.6+1.21+neoforge
[22:03:02] [modloading-worker-0/INFO] - geckolib: 4.8.3
[22:03:02] [modloading-worker-0/INFO] - hugestructureblocks: 1.1.6
[22:03:02] [modloading-worker-0/INFO] - immersive_paintings: 0.7.6
[22:03:02] [modloading-worker-0/INFO] - kotlinforforge: 5.11.0
[22:03:02] [modloading-worker-0/INFO] - kuma_api: 21.0.7
[22:03:02] [modloading-worker-0/INFO] - legendarymonuments: 1
[22:03:02] [modloading-worker-0/INFO] - lithium: 0.15.2+mc1.21.1
[22:03:02] [modloading-worker-0/INFO] - lumymon: 0.6.1
[22:03:02] [modloading-worker-0/INFO] - mega_showdown: 1.6.9+1.7.3+1.21.1
[22:03:02] [modloading-worker-0/INFO] - minecraft: 1.21.1
[22:03:02] [modloading-worker-0/INFO] - more_cobblemon_tweaks: 1.3.3
[22:03:02] [modloading-worker-0/INFO] - mousetweaks: 2.26.1
[22:03:02] [modloading-worker-0/INFO] - mr_cobblemon_journeymounts: 1.7.2
[22:03:02] [modloading-worker-0/INFO] - neoforge: 21.1.219
[22:03:02] [modloading-worker-0/INFO] - obc: 1.3.0
[22:03:02] [modloading-worker-0/INFO] - openpartiesandclaims: 0.25.8
[22:03:02] [modloading-worker-0/INFO] - owo: 0.12.15.5-beta.1+1.21
[22:03:02] [modloading-worker-0/INFO] - pasture_loot: 1.0.5_1.21.1
[22:03:02] [modloading-worker-0/INFO] - pfm: 1.4.4
[22:03:02] [modloading-worker-0/INFO] - playerxp: 1.0.5+1.21.1
[22:03:02] [modloading-worker-0/INFO] - pokeblocks: 1.4.0-1.21.1
[22:03:02] [modloading-worker-0/INFO] - ponder: 1.0.81+mc1.21.1
[22:03:02] [modloading-worker-0/INFO] - rctapi: 0.14.6-beta
[22:03:02] [modloading-worker-0/INFO] - rctmod: 0.17.6-beta
[22:03:02] [modloading-worker-0/INFO] - repurposed_structures: 7.5.17+1.21.1-neoforge
[22:03:02] [modloading-worker-0/INFO] - resourcefullib: 3.0.12
[22:03:02] [modloading-worker-0/INFO] - roughlyenoughitems: 16.0.799
[22:03:02] [modloading-worker-0/INFO] - sodium: 0.6.13+mc1.21.1
[22:03:02] [modloading-worker-0/INFO] - sophisticatedbackpacks: 3.25.25
[22:03:02] [modloading-worker-0/INFO] - sophisticatedcore: 1.4.2
[22:03:02] [modloading-worker-0/INFO] - sophisticatedstorage: 1.5.26
[22:03:02] [modloading-worker-0/INFO] - spawn_notification: 1.7.3-neoforge-2.3.0
[22:03:02] [modloading-worker-0/INFO] - spectrelib: 0.17.2+1.21
[22:03:02] [modloading-worker-0/INFO] - supermartijn642configlib: 1.1.8
[22:03:02] [modloading-worker-0/INFO] - supermartijn642corelib: 1.1.20
[22:03:02] [modloading-worker-0/INFO] - tclayer: 0.1.12
[22:03:02] [modloading-worker-0/INFO] - terrablender: 4.1.0.8
[22:03:02] [modloading-worker-0/INFO] - terralith: 2.5.8
[22:03:02] [modloading-worker-0/INFO] - tim_core: 1.7.3-neoforge-1.31.0
[22:03:02] [modloading-worker-0/INFO] - tmcraft: 1.4.18_1.7.3
[22:03:02] [modloading-worker-0/INFO] - tombstone: 9.4.8
[22:03:02] [modloading-worker-0/INFO] - trade_cycling: 1.21.1-1.0.18
[22:03:02] [modloading-worker-0/INFO] - trinkets: 3.10.0
[22:03:02] [modloading-worker-0/INFO] - villagerconfig: 4.5.2
[22:03:02] [modloading-worker-0/INFO] - villagespawnpoint: 4.6
[22:03:02] [modloading-worker-0/INFO] - waystones: 21.1.25
[22:03:02] [modloading-worker-0/INFO] - xaerolib: 1.1.0
[22:03:02] [modloading-worker-0/INFO] - xaerominimap: 25.3.10
[22:03:02] [modloading-worker-0/INFO] - xaeroplus: 2.30.9
[22:03:02] [modloading-worker-0/INFO] - xaeroworldmap: 1.40.11
[22:03:02] [modloading-worker-0/INFO] - zamega: 1.5.4
[22:03:02] [modloading-worker-0/INFO] ========================================
[22:03:02] [modloading-worker-0/INFO] [REI] Registered plugin provider CoreReiCommonPlugin [sophisticatedcore] for REIPlugin
[22:03:02] [modloading-worker-0/INFO] [REI] Registered plugin provider BackpackReiCommonPlugin [sophisticatedbackpacks] for REIPlugin
[22:03:02] [modloading-worker-0/INFO] [REI] Registered plugin provider StorageReiCommonPlugin [sophisticatedstorage] for REIPlugin
[22:03:02] [modloading-worker-0/INFO] [REI] Registered plugin provider DefaultPluginImpl [roughlyenoughitems] for REIServerPlugin
[22:03:02] [modloading-worker-0/INFO] [REI] Registered plugin provider DefaultPluginImpl [roughlyenoughitems] for REIPlugin
[22:03:02] [modloading-worker-0/INFO] [REI] Registered plugin provider DefaultRuntimePlugin [roughlyenoughitems] for REIServerPlugin
[22:03:02] [modloading-worker-0/INFO] [REI] Registered plugin provider DefaultRuntimePlugin [roughlyenoughitems] for REIPlugin
[22:03:02] [modloading-worker-0/INFO] [REI] Registered plugin provider CoreReiCommonPlugin [sophisticatedcore] for REIServerPlugin
[22:03:02] [modloading-worker-0/INFO] [REI] Registered plugin provider BackpackReiCommonPlugin [sophisticatedbackpacks] for REIServerPlugin
[22:03:02] [modloading-worker-0/INFO] [REI] Registered plugin provider StorageReiCommonPlugin [sophisticatedstorage] for REIServerPlugin
[22:03:23] [Worker-Main-3/DEBUG] [REI] Processed 2 tags in 407.6 μs for create:mounted_item_storage_type
[22:03:23] [Worker-Main-2/DEBUG] [REI] Processed 0 tags in 7.964 μs for minecraft:painting_variant
[22:03:23] [Worker-Main-3/DEBUG] [REI] Processed 0 tags in 334.9 μs for minecraft:worldgen/biome
[22:03:23] [Worker-Main-1/DEBUG] [REI] Processed 2 tags in 37.06 μs for minecraft:memory_module_type
[22:03:23] [Worker-Main-2/DEBUG] [REI] Processed 3 tags in 37.62 μs for minecraft:instrument
[22:03:23] [Worker-Main-2/DEBUG] [REI] Processed 5 tags in 111.0 μs for minecraft:game_event
[22:03:23] [Worker-Main-2/DEBUG] [REI] Processed 3 tags in 54.69 μs for minecraft:point_of_interest_type
[22:03:23] [Worker-Main-3/DEBUG] [REI] Processed 2 tags in 16.53 μs for create:contraption_type
[22:03:23] [Worker-Main-1/DEBUG] [REI] Processed 0 tags in 9.588 μs for minecraft:worldgen/structure_set
[22:03:23] [Worker-Main-1/DEBUG] [REI] Processed 14 tags in 82.40 μs for minecraft:fluid
[22:03:23] [Worker-Main-3/DEBUG] [REI] Processed 0 tags in 10.72 μs for minecraft:banner_pattern
[22:03:23] [Worker-Main-3/DEBUG] [REI] Processed 0 tags in 7.374 μs for minecraft:dimension_type
[22:03:23] [Worker-Main-3/DEBUG] [REI] Processed 0 tags in 17.08 μs for minecraft:damage_type
[22:03:24] [Worker-Main-2/DEBUG] [REI] Processed 994 tags in 12.99 ms for minecraft:item
[22:03:24] [Worker-Main-1/DEBUG] [REI] Processed 774 tags in 11.63 ms for minecraft:block
[22:03:24] [Worker-Main-3/DEBUG] [REI] Processed 52 tags in 152.7 μs for minecraft:entity_type
[22:03:24] [Worker-Main-3/DEBUG] [REI] Processed 1 tags in 18.72 μs for minecraft:activity
[22:03:24] [Worker-Main-1/DEBUG] [REI] Processed 1 tags in 12.33 μs for minecraft:recipe_serializer
[22:03:24] [Worker-Main-1/DEBUG] [REI] Processed 0 tags in 14.44 μs for minecraft:enchantment
[22:03:24] [Worker-Main-2/DEBUG] [REI] Processed 0 tags in 7.545 μs for minecraft:worldgen/flat_level_generator_preset
[22:03:24] [Worker-Main-2/DEBUG] [REI] Processed 2 tags in 18.23 μs for minecraft:cat_variant
[22:03:24] [Worker-Main-3/DEBUG] [REI] Processed 0 tags in 96.95 μs for minecraft:worldgen/structure
[22:03:24] [Worker-Main-1/DEBUG] [REI] Processed 0 tags in 4.829 μs for minecraft:worldgen/world_preset
[22:03:27] [main/DEBUG] [REI] Starting Reload Plugins of stage null
java.lang.Throwable
	at TRANSFORMER/roughlyenoughitems@16.0.799/me.shedaniel.rei.impl.common.plugins.ReloadManagerImpl.reloadPlugins(ReloadManagerImpl.java:110)
	at TRANSFORMER/roughlyenoughitems@16.0.799/me.shedaniel.rei.RoughlyEnoughItemsCore.lambda$onInitialize$5(RoughlyEnoughItemsCore.java:163)
	at java.base/java.util.concurrent.CompletableFuture$UniRun.tryFire(CompletableFuture.java:787)
	at java.base/java.util.concurrent.CompletableFuture$Completion.run(CompletableFuture.java:482)
	at TRANSFORMER/minecraft@1.21.1/net.minecraft.server.packs.resources.SimpleReloadInstance.lambda$new$3(SimpleReloadInstance.java:69)
	at TRANSFORMER/minecraft@1.21.1/net.minecraft.Util.blockUntilDone(Util.java:872)
	at TRANSFORMER/minecraft@1.21.1/net.minecraft.Util.blockUntilDone(Util.java:861)
	at TRANSFORMER/minecraft@1.21.1/net.minecraft.server.Main.main(Main.java:204)
	at java.base/jdk.internal.reflect.DirectMethodHandleAccessor.invoke(DirectMethodHandleAccessor.java:103)
	at java.base/java.lang.reflect.Method.invoke(Method.java:580)
	at MC-BOOTSTRAP/fml_loader@4.0.42/net.neoforged.fml.loading.targets.CommonLaunchHandler.runTarget(CommonLaunchHandler.java:136)
	at MC-BOOTSTRAP/fml_loader@4.0.42/net.neoforged.fml.loading.targets.CommonLaunchHandler.serverService(CommonLaunchHandler.java:128)
	at MC-BOOTSTRAP/fml_loader@4.0.42/net.neoforged.fml.loading.targets.CommonServerLaunchHandler.runService(CommonServerLaunchHandler.java:32)
	at MC-BOOTSTRAP/fml_loader@4.0.42/net.neoforged.fml.loading.targets.CommonLaunchHandler.lambda$launchService$4(CommonLaunchHandler.java:118)
	at MC-BOOTSTRAP/cpw.mods.modlauncher@11.0.5/cpw.mods.modlauncher.LaunchServiceHandlerDecorator.launch(LaunchServiceHandlerDecorator.java:30)
	at MC-BOOTSTRAP/cpw.mods.modlauncher@11.0.5/cpw.mods.modlauncher.LaunchServiceHandler.launch(LaunchServiceHandler.java:53)
	at MC-BOOTSTRAP/cpw.mods.modlauncher@11.0.5/cpw.mods.modlauncher.LaunchServiceHandler.launch(LaunchServiceHandler.java:71)
	at MC-BOOTSTRAP/cpw.mods.modlauncher@11.0.5/cpw.mods.modlauncher.Launcher.run(Launcher.java:103)
	at MC-BOOTSTRAP/cpw.mods.modlauncher@11.0.5/cpw.mods.modlauncher.Launcher.main(Launcher.java:74)
	at MC-BOOTSTRAP/cpw.mods.modlauncher@11.0.5/cpw.mods.modlauncher.BootstrapLaunchConsumer.accept(BootstrapLaunchConsumer.java:26)
	at MC-BOOTSTRAP/cpw.mods.modlauncher@11.0.5/cpw.mods.modlauncher.BootstrapLaunchConsumer.accept(BootstrapLaunchConsumer.java:23)
	at cpw.mods.bootstraplauncher@2.0.2/cpw.mods.bootstraplauncher.BootstrapLauncher.run(BootstrapLauncher.java:210)
	at cpw.mods.bootstraplauncher@2.0.2/cpw.mods.bootstraplauncher.BootstrapLauncher.main(BootstrapLauncher.java:69)
	at java.base/jdk.internal.reflect.DirectMethodHandleAccessor.invoke(DirectMethodHandleAccessor.java:103)
	at java.base/java.lang.reflect.Method.invoke(Method.java:580)
	at net.neoforged.serverstarterjar.Main.mainLaunch(Main.java:297)
	at net.neoforged.serverstarterjar.Main.main(Main.java:76)
	at java.base/jdk.internal.reflect.DirectMethodHandleAccessor.invoke(DirectMethodHandleAccessor.java:103)
	at java.base/java.lang.reflect.Method.invoke(Method.java:580)
	at net.neoforged.serverstarterjar.Main8.main(Main8.java:19)
[22:03:27] [main/DEBUG] [REI] ========================================
[22:03:27] [main/DEBUG] [REI] REIPlugin starting pre-reload for START.
[22:03:27] [main/DEBUG] [REI] Reloadables (7):
[22:03:27] [main/DEBUG] [REI]  - EntryTypeRegistryImpl
[22:03:27] [main/DEBUG] [REI]  - EntrySettingsAdapterRegistryImpl
[22:03:27] [main/DEBUG] [REI]  - RecipeManagerContextImpl
[22:03:27] [main/DEBUG] [REI]  - ItemComparatorRegistryImpl
[22:03:27] [main/DEBUG] [REI]  - FluidComparatorRegistryImpl
[22:03:27] [main/DEBUG] [REI]  - DisplaySerializerRegistryImpl
[22:03:27] [main/DEBUG] [REI]  - FluidSupportProviderImpl
[22:03:27] [main/DEBUG] [REI] Plugins (5):
[22:03:27] [main/DEBUG] [REI]  - (-100.00) DefaultPluginImpl of DefaultPluginImpl [roughlyenoughitems]
[22:03:27] [main/DEBUG] [REI]  - (0.00) DefaultRuntimePlugin of DefaultRuntimePlugin [roughlyenoughitems]
[22:03:27] [main/DEBUG] [REI]  - (0.00) StorageReiCommonPlugin of StorageReiCommonPlugin [sophisticatedstorage]
[22:03:27] [main/DEBUG] [REI]  - (0.00) BackpackReiCommonPlugin of BackpackReiCommonPlugin [sophisticatedbackpacks]
[22:03:27] [main/DEBUG] [REI]  - (0.00) CoreReiCommonPlugin of CoreReiCommonPlugin [sophisticatedcore]
[22:03:27] [main/DEBUG] [REI] ========================================
[22:03:27] [main/TRACE] [REI] [REIPlugin START] Reloading Section: "pre-register/"
[22:03:27] [main/TRACE] [REI] [REIPlugin START] Reloading Section: "pre-register/DefaultPluginImpl of DefaultPluginImpl [roughlyenoughitems]/"
[22:03:27] [main/TRACE] [REI] [REIPlugin START] Reloading Section: "pre-register/DefaultPluginImpl of DefaultPluginImpl [roughlyenoughitems]/" done in 797.2 μs
[22:03:27] [main/TRACE] [REI] [REIPlugin START] Reloading Section: "pre-register/DefaultRuntimePlugin of DefaultRuntimePlugin [roughlyenoughitems]/"
[22:03:27] [main/TRACE] [REI] [REIPlugin START] Reloading Section: "pre-register/DefaultRuntimePlugin of DefaultRuntimePlugin [roughlyenoughitems]/" done in 58.59 μs
[22:03:27] [main/TRACE] [REI] [REIPlugin START] Reloading Section: "pre-register/StorageReiCommonPlugin of StorageReiCommonPlugin [sophisticatedstorage]/"
[22:03:27] [main/TRACE] [REI] [REIPlugin START] Reloading Section: "pre-register/StorageReiCommonPlugin of StorageReiCommonPlugin [sophisticatedstorage]/" done in 47.03 μs
[22:03:27] [main/TRACE] [REI] [REIPlugin START] Reloading Section: "pre-register/BackpackReiCommonPlugin of BackpackReiCommonPlugin [sophisticatedbackpacks]/"
[22:03:27] [main/TRACE] [REI] [REIPlugin START] Reloading Section: "pre-register/BackpackReiCommonPlugin of BackpackReiCommonPlugin [sophisticatedbackpacks]/" done in 63.37 μs
[22:03:27] [main/TRACE] [REI] [REIPlugin START] Reloading Section: "pre-register/CoreReiCommonPlugin of CoreReiCommonPlugin [sophisticatedcore]/"
[22:03:27] [main/TRACE] [REI] [REIPlugin START] Reloading Section: "pre-register/CoreReiCommonPlugin of CoreReiCommonPlugin [sophisticatedcore]/" done in 47.27 μs
[22:03:27] [main/TRACE] [REI] [REIPlugin START] Reloading Section: "pre-register/" done in 78.73 ms
[22:03:27] [main/TRACE] [REI] [REIPlugin START] Reloading Section: "pre-stage/"
[22:03:27] [main/TRACE] [REI] [REIPlugin START] Reloading Section: "pre-stage/EntryTypeRegistryImpl/"
[22:03:27] [main/TRACE] [REI] [REIPlugin START] Reloading Section: "pre-stage/EntryTypeRegistryImpl/" done in 208.2 μs
[22:03:27] [main/TRACE] [REI] [REIPlugin START] Reloading Section: "pre-stage/EntrySettingsAdapterRegistryImpl/"
[22:03:27] [main/TRACE] [REI] [REIPlugin START] Reloading Section: "pre-stage/EntrySettingsAdapterRegistryImpl/" done in 40.52 μs
[22:03:27] [main/TRACE] [REI] [REIPlugin START] Reloading Section: "pre-stage/RecipeManagerContextImpl/"
[22:03:27] [main/TRACE] [REI] [REIPlugin START] Reloading Section: "pre-stage/RecipeManagerContextImpl/" done in 31.44 μs
[22:03:27] [main/TRACE] [REI] [REIPlugin START] Reloading Section: "pre-stage/ItemComparatorRegistryImpl/"
[22:03:27] [main/TRACE] [REI] [REIPlugin START] Reloading Section: "pre-stage/ItemComparatorRegistryImpl/" done in 163.5 μs
[22:03:27] [main/TRACE] [REI] [REIPlugin START] Reloading Section: "pre-stage/FluidComparatorRegistryImpl/"
[22:03:27] [main/TRACE] [REI] [REIPlugin START] Reloading Section: "pre-stage/FluidComparatorRegistryImpl/" done in 50.07 μs
[22:03:27] [main/TRACE] [REI] [REIPlugin START] Reloading Section: "pre-stage/DisplaySerializerRegistryImpl/"
[22:03:27] [main/TRACE] [REI] [REIPlugin START] Reloading Section: "pre-stage/DisplaySerializerRegistryImpl/" done in 49.83 μs
[22:03:27] [main/TRACE] [REI] [REIPlugin START] Reloading Section: "pre-stage/FluidSupportProviderImpl/"
[22:03:27] [main/TRACE] [REI] [REIPlugin START] Reloading Section: "pre-stage/FluidSupportProviderImpl/" done in 57.10 μs
[22:03:27] [main/TRACE] [REI] [REIPlugin START] Reloading Section: "pre-stage/" done in 1.344 ms
[22:03:27] [main/DEBUG] [REI] ========================================
[22:03:27] [main/DEBUG] [REI] REIPlugin finished pre-reload for START in 80.50 ms.
[22:03:27] [main/DEBUG] [REI] ========================================
[22:03:27] [main/DEBUG] [REI] ========================================
[22:03:27] [main/DEBUG] [REI] REIServerPlugin starting pre-reload for START.
[22:03:27] [main/DEBUG] [REI] Reloadables (2):
[22:03:27] [main/DEBUG] [REI]  - MenuInfoRegistryImpl
[22:03:27] [main/DEBUG] [REI]  - SlotAccessorRegistryImpl
[22:03:27] [main/DEBUG] [REI] Plugins (5):
[22:03:27] [main/DEBUG] [REI]  - (-100.00) DefaultPluginImpl of DefaultPluginImpl [roughlyenoughitems]
[22:03:27] [main/DEBUG] [REI]  - (0.00) StorageReiCommonPlugin of StorageReiCommonPlugin [sophisticatedstorage]
[22:03:27] [main/DEBUG] [REI]  - (0.00) BackpackReiCommonPlugin of BackpackReiCommonPlugin [sophisticatedbackpacks]
[22:03:27] [main/DEBUG] [REI]  - (0.00) CoreReiCommonPlugin of CoreReiCommonPlugin [sophisticatedcore]
[22:03:27] [main/DEBUG] [REI]  - (0.00) DefaultRuntimePlugin of DefaultRuntimePlugin [roughlyenoughitems]
[22:03:27] [main/DEBUG] [REI] ========================================
[22:03:27] [main/TRACE] [REI] [REIServerPlugin START] Reloading Section: "pre-register/"
[22:03:27] [main/TRACE] [REI] [REIServerPlugin START] Reloading Section: "pre-register/DefaultPluginImpl of DefaultPluginImpl [roughlyenoughitems]/"
[22:03:27] [main/TRACE] [REI] [REIServerPlugin START] Reloading Section: "pre-register/DefaultPluginImpl of DefaultPluginImpl [roughlyenoughitems]/" done in 61.05 μs
[22:03:27] [main/TRACE] [REI] [REIServerPlugin START] Reloading Section: "pre-register/StorageReiCommonPlugin of StorageReiCommonPlugin [sophisticatedstorage]/"
[22:03:27] [main/TRACE] [REI] [REIServerPlugin START] Reloading Section: "pre-register/StorageReiCommonPlugin of StorageReiCommonPlugin [sophisticatedstorage]/" done in 59.46 μs
[22:03:27] [main/TRACE] [REI] [REIServerPlugin START] Reloading Section: "pre-register/BackpackReiCommonPlugin of BackpackReiCommonPlugin [sophisticatedbackpacks]/"
[22:03:27] [main/TRACE] [REI] [REIServerPlugin START] Reloading Section: "pre-register/BackpackReiCommonPlugin of BackpackReiCommonPlugin [sophisticatedbackpacks]/" done in 54.81 μs
[22:03:27] [main/TRACE] [REI] [REIServerPlugin START] Reloading Section: "pre-register/CoreReiCommonPlugin of CoreReiCommonPlugin [sophisticatedcore]/"
[22:03:27] [main/TRACE] [REI] [REIServerPlugin START] Reloading Section: "pre-register/CoreReiCommonPlugin of CoreReiCommonPlugin [sophisticatedcore]/" done in 40.25 μs
[22:03:27] [main/TRACE] [REI] [REIServerPlugin START] Reloading Section: "pre-register/DefaultRuntimePlugin of DefaultRuntimePlugin [roughlyenoughitems]/"
[22:03:27] [main/TRACE] [REI] [REIServerPlugin START] Reloading Section: "pre-register/DefaultRuntimePlugin of DefaultRuntimePlugin [roughlyenoughitems]/" done in 46.48 μs
[22:03:27] [main/TRACE] [REI] [REIServerPlugin START] Reloading Section: "pre-register/" done in 826.8 μs
[22:03:27] [main/TRACE] [REI] [REIServerPlugin START] Reloading Section: "pre-stage/"
[22:03:27] [main/TRACE] [REI] [REIServerPlugin START] Reloading Section: "pre-stage/MenuInfoRegistryImpl/"
[22:03:27] [main/TRACE] [REI] [REIServerPlugin START] Reloading Section: "pre-stage/MenuInfoRegistryImpl/" done in 36.47 μs
[22:03:27] [main/TRACE] [REI] [REIServerPlugin START] Reloading Section: "pre-stage/SlotAccessorRegistryImpl/"
[22:03:27] [main/TRACE] [REI] [REIServerPlugin START] Reloading Section: "pre-stage/SlotAccessorRegistryImpl/" done in 36.77 μs
[22:03:27] [main/TRACE] [REI] [REIServerPlugin START] Reloading Section: "pre-stage/" done in 233.8 μs
[22:03:27] [main/DEBUG] [REI] ========================================
[22:03:27] [main/DEBUG] [REI] REIServerPlugin finished pre-reload for START in 1.194 ms.
[22:03:27] [main/DEBUG] [REI] ========================================
[22:03:27] [main/INFO] [REI] ========================================
[22:03:27] [main/INFO] [REI] REIPlugin starting main-reload for START.
[22:03:27] [main/DEBUG] [REI] Reloadables (7):
[22:03:27] [main/DEBUG] [REI]  - EntryTypeRegistryImpl
[22:03:27] [main/DEBUG] [REI]  - EntrySettingsAdapterRegistryImpl
[22:03:27] [main/DEBUG] [REI]  - RecipeManagerContextImpl
[22:03:27] [main/DEBUG] [REI]  - ItemComparatorRegistryImpl
[22:03:27] [main/DEBUG] [REI]  - FluidComparatorRegistryImpl
[22:03:27] [main/DEBUG] [REI]  - DisplaySerializerRegistryImpl
[22:03:27] [main/DEBUG] [REI]  - FluidSupportProviderImpl
[22:03:27] [main/INFO] [REI] Plugins (5):
[22:03:27] [main/INFO] [REI]  - (-100.00) DefaultPluginImpl of DefaultPluginImpl [roughlyenoughitems]
[22:03:27] [main/INFO] [REI]  - (0.00) DefaultRuntimePlugin of DefaultRuntimePlugin [roughlyenoughitems]
[22:03:27] [main/INFO] [REI]  - (0.00) StorageReiCommonPlugin of StorageReiCommonPlugin [sophisticatedstorage]
[22:03:27] [main/INFO] [REI]  - (0.00) BackpackReiCommonPlugin of BackpackReiCommonPlugin [sophisticatedbackpacks]
[22:03:27] [main/INFO] [REI]  - (0.00) CoreReiCommonPlugin of CoreReiCommonPlugin [sophisticatedcore]
[22:03:27] [main/INFO] [REI] ========================================
[22:03:27] [main/TRACE] [REI] [REIPlugin START] Reloading Section: "start-reload/"
[22:03:27] [main/TRACE] [REI] [REIPlugin START] Reloading Section: "start-reload/EntryTypeRegistryImpl/"
[22:03:27] [main/TRACE] [REI] [REIPlugin START] Reloading Section: "start-reload/EntryTypeRegistryImpl/" done in 81.59 μs
[22:03:27] [main/TRACE] [REI] [REIPlugin START] Reloading Section: "start-reload/EntrySettingsAdapterRegistryImpl/"
[22:03:27] [main/TRACE] [REI] [REIPlugin START] Reloading Section: "start-reload/EntrySettingsAdapterRegistryImpl/" done in 40.63 μs
[22:03:27] [main/TRACE] [REI] [REIPlugin START] Reloading Section: "start-reload/RecipeManagerContextImpl/"
[22:03:27] [main/TRACE] [REI] [REIPlugin START] Reloading Section: "start-reload/RecipeManagerContextImpl/" done in 37.33 μs
[22:03:27] [main/TRACE] [REI] [REIPlugin START] Reloading Section: "start-reload/ItemComparatorRegistryImpl/"
[22:03:27] [main/TRACE] [REI] [REIPlugin START] Reloading Section: "start-reload/ItemComparatorRegistryImpl/" done in 53.18 μs
[22:03:27] [main/TRACE] [REI] [REIPlugin START] Reloading Section: "start-reload/FluidComparatorRegistryImpl/"
[22:03:27] [main/TRACE] [REI] [REIPlugin START] Reloading Section: "start-reload/FluidComparatorRegistryImpl/" done in 38.04 μs
[22:03:27] [main/TRACE] [REI] [REIPlugin START] Reloading Section: "start-reload/DisplaySerializerRegistryImpl/"
[22:03:27] [main/TRACE] [REI] [REIPlugin START] Reloading Section: "start-reload/DisplaySerializerRegistryImpl/" done in 56.68 μs
[22:03:27] [main/TRACE] [REI] [REIPlugin START] Reloading Section: "start-reload/FluidSupportProviderImpl/"
[22:03:27] [main/TRACE] [REI] [REIPlugin START] Reloading Section: "start-reload/FluidSupportProviderImpl/" done in 47.49 μs
[22:03:27] [main/TRACE] [REI] [REIPlugin START] Reloading Section: "start-reload/" done in 947.6 μs
[22:03:27] [main/DEBUG] [REI] ========================================
[22:03:27] [main/DEBUG] [REI] REIPlugin started main-reload for START.
[22:03:27] [main/DEBUG] [REI] ========================================
[22:03:27] [main/TRACE] [REI] [REIPlugin START] Reloading Section: "reloadable-plugin/EntryTypeRegistryImpl/"
[22:03:27] [main/TRACE] [REI] [REIPlugin START] Reloading Section: "reloadable-plugin/EntryTypeRegistryImpl/DefaultPluginImpl of DefaultPluginImpl [roughlyenoughitems]/"
[22:03:27] [main/TRACE] [REI] [REIPlugin START] Reloading Section: "reloadable-plugin/EntryTypeRegistryImpl/DefaultPluginImpl of DefaultPluginImpl [roughlyenoughitems]/" done in 253.2 μs
[22:03:27] [main/TRACE] [REI] [REIPlugin START] Reloading Section: "reloadable-plugin/EntryTypeRegistryImpl/DefaultRuntimePlugin of DefaultRuntimePlugin [roughlyenoughitems]/"
[22:03:27] [main/TRACE] [REI] [REIPlugin START] Reloading Section: "reloadable-plugin/EntryTypeRegistryImpl/DefaultRuntimePlugin of DefaultRuntimePlugin [roughlyenoughitems]/" done in 4.757 ms
[22:03:27] [main/TRACE] [REI] [REIPlugin START] Reloading Section: "reloadable-plugin/EntryTypeRegistryImpl/StorageReiCommonPlugin of StorageReiCommonPlugin [sophisticatedstorage]/"
[22:03:27] [main/TRACE] [REI] [REIPlugin START] Reloading Section: "reloadable-plugin/EntryTypeRegistryImpl/StorageReiCommonPlugin of StorageReiCommonPlugin [sophisticatedstorage]/" done in 43.40 μs
[22:03:27] [main/TRACE] [REI] [REIPlugin START] Reloading Section: "reloadable-plugin/EntryTypeRegistryImpl/BackpackReiCommonPlugin of BackpackReiCommonPlugin [sophisticatedbackpacks]/"
[22:03:27] [main/TRACE] [REI] [REIPlugin START] Reloading Section: "reloadable-plugin/EntryTypeRegistryImpl/BackpackReiCommonPlugin of BackpackReiCommonPlugin [sophisticatedbackpacks]/" done in 40.42 μs
[22:03:27] [main/TRACE] [REI] [REIPlugin START] Reloading Section: "reloadable-plugin/EntryTypeRegistryImpl/CoreReiCommonPlugin of CoreReiCommonPlugin [sophisticatedcore]/"
[22:03:27] [main/TRACE] [REI] [REIPlugin START] Reloading Section: "reloadable-plugin/EntryTypeRegistryImpl/CoreReiCommonPlugin of CoreReiCommonPlugin [sophisticatedcore]/" done in 36.06 μs
[22:03:27] [main/TRACE] [REI] [REIPlugin START] Reloading Section: "reloadable-plugin/EntryTypeRegistryImpl/" done in 6.151 ms
[22:03:27] [main/TRACE] [REI] [REIPlugin START] Reloading Section: "reloadable-plugin/EntrySettingsAdapterRegistryImpl/"
[22:03:27] [main/TRACE] [REI] [REIPlugin START] Reloading Section: "reloadable-plugin/EntrySettingsAdapterRegistryImpl/DefaultPluginImpl of DefaultPluginImpl [roughlyenoughitems]/"
[22:03:27] [main/TRACE] [REI] [REIPlugin START] Reloading Section: "reloadable-plugin/EntrySettingsAdapterRegistryImpl/DefaultPluginImpl of DefaultPluginImpl [roughlyenoughitems]/" done in 37.27 μs
[22:03:27] [main/TRACE] [REI] [REIPlugin START] Reloading Section: "reloadable-plugin/EntrySettingsAdapterRegistryImpl/DefaultRuntimePlugin of DefaultRuntimePlugin [roughlyenoughitems]/"
[22:03:27] [main/TRACE] [REI] [REIPlugin START] Reloading Section: "reloadable-plugin/EntrySettingsAdapterRegistryImpl/DefaultRuntimePlugin of DefaultRuntimePlugin [roughlyenoughitems]/" done in 47.93 μs
[22:03:27] [main/TRACE] [REI] [REIPlugin START] Reloading Section: "reloadable-plugin/EntrySettingsAdapterRegistryImpl/StorageReiCommonPlugin of StorageReiCommonPlugin [sophisticatedstorage]/"
[22:03:27] [main/TRACE] [REI] [REIPlugin START] Reloading Section: "reloadable-plugin/EntrySettingsAdapterRegistryImpl/StorageReiCommonPlugin of StorageReiCommonPlugin [sophisticatedstorage]/" done in 44.98 μs
[22:03:27] [main/TRACE] [REI] [REIPlugin START] Reloading Section: "reloadable-plugin/EntrySettingsAdapterRegistryImpl/BackpackReiCommonPlugin of BackpackReiCommonPlugin [sophisticatedbackpacks]/"
[22:03:27] [main/TRACE] [REI] [REIPlugin START] Reloading Section: "reloadable-plugin/EntrySettingsAdapterRegistryImpl/BackpackReiCommonPlugin of BackpackReiCommonPlugin [sophisticatedbackpacks]/" done in 32.76 μs
[22:03:27] [main/TRACE] [REI] [REIPlugin START] Reloading Section: "reloadable-plugin/EntrySettingsAdapterRegistryImpl/CoreReiCommonPlugin of CoreReiCommonPlugin [sophisticatedcore]/"
[22:03:27] [main/TRACE] [REI] [REIPlugin START] Reloading Section: "reloadable-plugin/EntrySettingsAdapterRegistryImpl/CoreReiCommonPlugin of CoreReiCommonPlugin [sophisticatedcore]/" done in 66.61 μs
[22:03:27] [main/TRACE] [REI] [REIPlugin START] Reloading Section: "reloadable-plugin/EntrySettingsAdapterRegistryImpl/" done in 722.2 μs
[22:03:27] [main/TRACE] [REI] [REIPlugin START] Reloading Section: "reloadable-plugin/RecipeManagerContextImpl/"
[22:03:27] [main/TRACE] [REI] [REIPlugin START] Reloading Section: "reloadable-plugin/RecipeManagerContextImpl/DefaultPluginImpl of DefaultPluginImpl [roughlyenoughitems]/"
[22:03:27] [main/TRACE] [REI] [REIPlugin START] Reloading Section: "reloadable-plugin/RecipeManagerContextImpl/DefaultPluginImpl of DefaultPluginImpl [roughlyenoughitems]/" done in 38.42 μs
[22:03:27] [main/TRACE] [REI] [REIPlugin START] Reloading Section: "reloadable-plugin/RecipeManagerContextImpl/DefaultRuntimePlugin of DefaultRuntimePlugin [roughlyenoughitems]/"
[22:03:27] [main/TRACE] [REI] [REIPlugin START] Reloading Section: "reloadable-plugin/RecipeManagerContextImpl/DefaultRuntimePlugin of DefaultRuntimePlugin [roughlyenoughitems]/" done in 48.11 μs
[22:03:27] [main/TRACE] [REI] [REIPlugin START] Reloading Section: "reloadable-plugin/RecipeManagerContextImpl/StorageReiCommonPlugin of StorageReiCommonPlugin [sophisticatedstorage]/"
[22:03:27] [main/TRACE] [REI] [REIPlugin START] Reloading Section: "reloadable-plugin/RecipeManagerContextImpl/StorageReiCommonPlugin of StorageReiCommonPlugin [sophisticatedstorage]/" done in 45.73 μs
[22:03:27] [main/TRACE] [REI] [REIPlugin START] Reloading Section: "reloadable-plugin/RecipeManagerContextImpl/BackpackReiCommonPlugin of BackpackReiCommonPlugin [sophisticatedbackpacks]/"
[22:03:27] [main/TRACE] [REI] [REIPlugin START] Reloading Section: "reloadable-plugin/RecipeManagerContextImpl/BackpackReiCommonPlugin of BackpackReiCommonPlugin [sophisticatedbackpacks]/" done in 47.85 μs
[22:03:27] [main/TRACE] [REI] [REIPlugin START] Reloading Section: "reloadable-plugin/RecipeManagerContextImpl/CoreReiCommonPlugin of CoreReiCommonPlugin [sophisticatedcore]/"
[22:03:27] [main/TRACE] [REI] [REIPlugin START] Reloading Section: "reloadable-plugin/RecipeManagerContextImpl/CoreReiCommonPlugin of CoreReiCommonPlugin [sophisticatedcore]/" done in 58.73 μs
[22:03:27] [main/TRACE] [REI] [REIPlugin START] Reloading Section: "reloadable-plugin/RecipeManagerContextImpl/" done in 720.1 μs
[22:03:27] [main/TRACE] [REI] [REIPlugin START] Reloading Section: "reloadable-plugin/ItemComparatorRegistryImpl/"
[22:03:27] [main/TRACE] [REI] [REIPlugin START] Reloading Section: "reloadable-plugin/ItemComparatorRegistryImpl/DefaultPluginImpl of DefaultPluginImpl [roughlyenoughitems]/"
[22:03:27] [main/TRACE] [REI] [REIPlugin START] Reloading Section: "reloadable-plugin/ItemComparatorRegistryImpl/DefaultPluginImpl of DefaultPluginImpl [roughlyenoughitems]/" done in 685.9 μs
[22:03:27] [main/TRACE] [REI] [REIPlugin START] Reloading Section: "reloadable-plugin/ItemComparatorRegistryImpl/DefaultRuntimePlugin of DefaultRuntimePlugin [roughlyenoughitems]/"
[22:03:27] [main/TRACE] [REI] [REIPlugin START] Reloading Section: "reloadable-plugin/ItemComparatorRegistryImpl/DefaultRuntimePlugin of DefaultRuntimePlugin [roughlyenoughitems]/" done in 54.53 μs
[22:03:27] [main/TRACE] [REI] [REIPlugin START] Reloading Section: "reloadable-plugin/ItemComparatorRegistryImpl/StorageReiCommonPlugin of StorageReiCommonPlugin [sophisticatedstorage]/"
[22:03:27] [main/TRACE] [REI] [REIPlugin START] Reloading Section: "reloadable-plugin/ItemComparatorRegistryImpl/StorageReiCommonPlugin of StorageReiCommonPlugin [sophisticatedstorage]/" done in 5.287 ms
[22:03:27] [main/TRACE] [REI] [REIPlugin START] Reloading Section: "reloadable-plugin/ItemComparatorRegistryImpl/BackpackReiCommonPlugin of BackpackReiCommonPlugin [sophisticatedbackpacks]/"
[22:03:27] [main/TRACE] [REI] [REIPlugin START] Reloading Section: "reloadable-plugin/ItemComparatorRegistryImpl/BackpackReiCommonPlugin of BackpackReiCommonPlugin [sophisticatedbackpacks]/" done in 1.716 ms
[22:03:27] [main/TRACE] [REI] [REIPlugin START] Reloading Section: "reloadable-plugin/ItemComparatorRegistryImpl/CoreReiCommonPlugin of CoreReiCommonPlugin [sophisticatedcore]/"
[22:03:27] [main/TRACE] [REI] [REIPlugin START] Reloading Section: "reloadable-plugin/ItemComparatorRegistryImpl/CoreReiCommonPlugin of CoreReiCommonPlugin [sophisticatedcore]/" done in 73.70 μs
[22:03:27] [main/TRACE] [REI] [REIPlugin START] Reloading Section: "reloadable-plugin/ItemComparatorRegistryImpl/" done in 8.470 ms
[22:03:27] [main/TRACE] [REI] [REIPlugin START] Reloading Section: "reloadable-plugin/FluidComparatorRegistryImpl/"
[22:03:27] [main/TRACE] [REI] [REIPlugin START] Reloading Section: "reloadable-plugin/FluidComparatorRegistryImpl/DefaultPluginImpl of DefaultPluginImpl [roughlyenoughitems]/"
[22:03:27] [main/TRACE] [REI] [REIPlugin START] Reloading Section: "reloadable-plugin/FluidComparatorRegistryImpl/DefaultPluginImpl of DefaultPluginImpl [roughlyenoughitems]/" done in 46.65 μs
[22:03:27] [main/TRACE] [REI] [REIPlugin START] Reloading Section: "reloadable-plugin/FluidComparatorRegistryImpl/DefaultRuntimePlugin of DefaultRuntimePlugin [roughlyenoughitems]/"
[22:03:27] [main/TRACE] [REI] [REIPlugin START] Reloading Section: "reloadable-plugin/FluidComparatorRegistryImpl/DefaultRuntimePlugin of DefaultRuntimePlugin [roughlyenoughitems]/" done in 36.99 μs
[22:03:27] [main/TRACE] [REI] [REIPlugin START] Reloading Section: "reloadable-plugin/FluidComparatorRegistryImpl/StorageReiCommonPlugin of StorageReiCommonPlugin [sophisticatedstorage]/"
[22:03:27] [main/TRACE] [REI] [REIPlugin START] Reloading Section: "reloadable-plugin/FluidComparatorRegistryImpl/StorageReiCommonPlugin of StorageReiCommonPlugin [sophisticatedstorage]/" done in 63.39 μs
[22:03:27] [main/TRACE] [REI] [REIPlugin START] Reloading Section: "reloadable-plugin/FluidComparatorRegistryImpl/BackpackReiCommonPlugin of BackpackReiCommonPlugin [sophisticatedbackpacks]/"
[22:03:27] [main/TRACE] [REI] [REIPlugin START] Reloading Section: "reloadable-plugin/FluidComparatorRegistryImpl/BackpackReiCommonPlugin of BackpackReiCommonPlugin [sophisticatedbackpacks]/" done in 54.27 μs
[22:03:27] [main/TRACE] [REI] [REIPlugin START] Reloading Section: "reloadable-plugin/FluidComparatorRegistryImpl/CoreReiCommonPlugin of CoreReiCommonPlugin [sophisticatedcore]/"
[22:03:27] [main/TRACE] [REI] [REIPlugin START] Reloading Section: "reloadable-plugin/FluidComparatorRegistryImpl/CoreReiCommonPlugin of CoreReiCommonPlugin [sophisticatedcore]/" done in 46.16 μs
[22:03:27] [main/TRACE] [REI] [REIPlugin START] Reloading Section: "reloadable-plugin/FluidComparatorRegistryImpl/" done in 707.5 μs
[22:03:27] [main/TRACE] [REI] [REIPlugin START] Reloading Section: "reloadable-plugin/DisplaySerializerRegistryImpl/"
[22:03:27] [main/TRACE] [REI] [REIPlugin START] Reloading Section: "reloadable-plugin/DisplaySerializerRegistryImpl/DefaultPluginImpl of DefaultPluginImpl [roughlyenoughitems]/"
[22:03:27] [main/TRACE] [REI] [REIPlugin START] Reloading Section: "reloadable-plugin/DisplaySerializerRegistryImpl/DefaultPluginImpl of DefaultPluginImpl [roughlyenoughitems]/" done in 45.67 μs
[22:03:27] [main/TRACE] [REI] [REIPlugin START] Reloading Section: "reloadable-plugin/DisplaySerializerRegistryImpl/DefaultRuntimePlugin of DefaultRuntimePlugin [roughlyenoughitems]/"
[22:03:27] [main/TRACE] [REI] [REIPlugin START] Reloading Section: "reloadable-plugin/DisplaySerializerRegistryImpl/DefaultRuntimePlugin of DefaultRuntimePlugin [roughlyenoughitems]/" done in 40.09 μs
[22:03:27] [main/TRACE] [REI] [REIPlugin START] Reloading Section: "reloadable-plugin/DisplaySerializerRegistryImpl/StorageReiCommonPlugin of StorageReiCommonPlugin [sophisticatedstorage]/"
[22:03:27] [main/TRACE] [REI] [REIPlugin START] Reloading Section: "reloadable-plugin/DisplaySerializerRegistryImpl/StorageReiCommonPlugin of StorageReiCommonPlugin [sophisticatedstorage]/" done in 35.16 μs
[22:03:27] [main/TRACE] [REI] [REIPlugin START] Reloading Section: "reloadable-plugin/DisplaySerializerRegistryImpl/BackpackReiCommonPlugin of BackpackReiCommonPlugin [sophisticatedbackpacks]/"
[22:03:27] [main/TRACE] [REI] [REIPlugin START] Reloading Section: "reloadable-plugin/DisplaySerializerRegistryImpl/BackpackReiCommonPlugin of BackpackReiCommonPlugin [sophisticatedbackpacks]/" done in 40.75 μs
[22:03:27] [main/TRACE] [REI] [REIPlugin START] Reloading Section: "reloadable-plugin/DisplaySerializerRegistryImpl/CoreReiCommonPlugin of CoreReiCommonPlugin [sophisticatedcore]/"
[22:03:27] [main/TRACE] [REI] [REIPlugin START] Reloading Section: "reloadable-plugin/DisplaySerializerRegistryImpl/CoreReiCommonPlugin of CoreReiCommonPlugin [sophisticatedcore]/" done in 39.60 μs
[22:03:27] [main/TRACE] [REI] [REIPlugin START] Reloading Section: "reloadable-plugin/DisplaySerializerRegistryImpl/" done in 660.4 μs
[22:03:27] [main/TRACE] [REI] [REIPlugin START] Reloading Section: "reloadable-plugin/FluidSupportProviderImpl/"
[22:03:27] [main/TRACE] [REI] [REIPlugin START] Reloading Section: "reloadable-plugin/FluidSupportProviderImpl/DefaultPluginImpl of DefaultPluginImpl [roughlyenoughitems]/"
[22:03:27] [main/TRACE] [REI] [REIPlugin START] Reloading Section: "reloadable-plugin/FluidSupportProviderImpl/DefaultPluginImpl of DefaultPluginImpl [roughlyenoughitems]/" done in 518.0 μs
[22:03:27] [main/TRACE] [REI] [REIPlugin START] Reloading Section: "reloadable-plugin/FluidSupportProviderImpl/DefaultRuntimePlugin of DefaultRuntimePlugin [roughlyenoughitems]/"
[22:03:27] [main/TRACE] [REI] [REIPlugin START] Reloading Section: "reloadable-plugin/FluidSupportProviderImpl/DefaultRuntimePlugin of DefaultRuntimePlugin [roughlyenoughitems]/" done in 52.39 μs
[22:03:27] [main/TRACE] [REI] [REIPlugin START] Reloading Section: "reloadable-plugin/FluidSupportProviderImpl/StorageReiCommonPlugin of StorageReiCommonPlugin [sophisticatedstorage]/"
[22:03:27] [main/TRACE] [REI] [REIPlugin START] Reloading Section: "reloadable-plugin/FluidSupportProviderImpl/StorageReiCommonPlugin of StorageReiCommonPlugin [sophisticatedstorage]/" done in 44.14 μs
[22:03:27] [main/TRACE] [REI] [REIPlugin START] Reloading Section: "reloadable-plugin/FluidSupportProviderImpl/BackpackReiCommonPlugin of BackpackReiCommonPlugin [sophisticatedbackpacks]/"
[22:03:27] [main/TRACE] [REI] [REIPlugin START] Reloading Section: "reloadable-plugin/FluidSupportProviderImpl/BackpackReiCommonPlugin of BackpackReiCommonPlugin [sophisticatedbackpacks]/" done in 45.51 μs
[22:03:27] [main/TRACE] [REI] [REIPlugin START] Reloading Section: "reloadable-plugin/FluidSupportProviderImpl/CoreReiCommonPlugin of CoreReiCommonPlugin [sophisticatedcore]/"
[22:03:27] [main/TRACE] [REI] [REIPlugin START] Reloading Section: "reloadable-plugin/FluidSupportProviderImpl/CoreReiCommonPlugin of CoreReiCommonPlugin [sophisticatedcore]/" done in 39.53 μs
[22:03:27] [main/TRACE] [REI] [REIPlugin START] Reloading Section: "reloadable-plugin/FluidSupportProviderImpl/" done in 1.224 ms
[22:03:27] [main/DEBUG] [REI] ========================================
[22:03:27] [main/DEBUG] [REI] REIPlugin ending main-reload for START.
[22:03:27] [main/DEBUG] [REI] ========================================
[22:03:27] [main/TRACE] [REI] [REIPlugin START] Reloading Section: "end-reload/"
[22:03:27] [main/TRACE] [REI] [REIPlugin START] Reloading Section: "end-reload/EntryTypeRegistryImpl/"
[22:03:27] [main/TRACE] [REI] [REIPlugin START] Reloading Section: "end-reload/EntryTypeRegistryImpl/" done in 52.32 μs
[22:03:27] [main/TRACE] [REI] [REIPlugin START] Reloading Section: "end-reload/EntrySettingsAdapterRegistryImpl/"
[22:03:27] [main/TRACE] [REI] [REIPlugin START] Reloading Section: "end-reload/EntrySettingsAdapterRegistryImpl/" done in 43.71 μs
[22:03:27] [main/TRACE] [REI] [REIPlugin START] Reloading Section: "end-reload/RecipeManagerContextImpl/"
[22:03:27] [main/TRACE] [REI] [REIPlugin START] Reloading Section: "end-reload/RecipeManagerContextImpl/" done in 47.81 μs
[22:03:27] [main/TRACE] [REI] [REIPlugin START] Reloading Section: "end-reload/ItemComparatorRegistryImpl/"
[22:03:27] [main/TRACE] [REI] [REIPlugin START] Reloading Section: "end-reload/ItemComparatorRegistryImpl/" done in 48.30 μs
[22:03:27] [main/TRACE] [REI] [REIPlugin START] Reloading Section: "end-reload/FluidComparatorRegistryImpl/"
[22:03:27] [main/TRACE] [REI] [REIPlugin START] Reloading Section: "end-reload/FluidComparatorRegistryImpl/" done in 41.82 μs
[22:03:27] [main/TRACE] [REI] [REIPlugin START] Reloading Section: "end-reload/DisplaySerializerRegistryImpl/"
[22:03:27] [main/TRACE] [REI] [REIPlugin START] Reloading Section: "end-reload/DisplaySerializerRegistryImpl/" done in 42.20 μs
[22:03:27] [main/TRACE] [REI] [REIPlugin START] Reloading Section: "end-reload/FluidSupportProviderImpl/"
[22:03:27] [main/TRACE] [REI] [REIPlugin START] Reloading Section: "end-reload/FluidSupportProviderImpl/" done in 51.47 μs
[22:03:27] [main/TRACE] [REI] [REIPlugin START] Reloading Section: "end-reload/" done in 931.3 μs
[22:03:27] [main/DEBUG] [REI] ========================================
[22:03:27] [main/DEBUG] [REI] REIPlugin ended main-reload for START in 23.40 ms.
[22:03:27] [main/DEBUG] [REI] ========================================
[22:03:27] [main/INFO] [REI] ========================================
[22:03:27] [main/INFO] [REI] REIServerPlugin starting main-reload for START.
[22:03:27] [main/DEBUG] [REI] Reloadables (2):
[22:03:27] [main/DEBUG] [REI]  - MenuInfoRegistryImpl
[22:03:27] [main/DEBUG] [REI]  - SlotAccessorRegistryImpl
[22:03:27] [main/INFO] [REI] Plugins (5):
[22:03:27] [main/INFO] [REI]  - (-100.00) DefaultPluginImpl of DefaultPluginImpl [roughlyenoughitems]
[22:03:27] [main/INFO] [REI]  - (0.00) StorageReiCommonPlugin of StorageReiCommonPlugin [sophisticatedstorage]
[22:03:27] [main/INFO] [REI]  - (0.00) BackpackReiCommonPlugin of BackpackReiCommonPlugin [sophisticatedbackpacks]
[22:03:27] [main/INFO] [REI]  - (0.00) CoreReiCommonPlugin of CoreReiCommonPlugin [sophisticatedcore]
[22:03:27] [main/INFO] [REI]  - (0.00) DefaultRuntimePlugin of DefaultRuntimePlugin [roughlyenoughitems]
[22:03:27] [main/INFO] [REI] ========================================
[22:03:27] [main/TRACE] [REI] [REIServerPlugin START] Reloading Section: "start-reload/"
[22:03:27] [main/TRACE] [REI] [REIServerPlugin START] Reloading Section: "start-reload/MenuInfoRegistryImpl/"
[22:03:27] [main/TRACE] [REI] [REIServerPlugin START] Reloading Section: "start-reload/MenuInfoRegistryImpl/" done in 31.93 μs
[22:03:27] [main/TRACE] [REI] [REIServerPlugin START] Reloading Section: "start-reload/SlotAccessorRegistryImpl/"
[22:03:27] [main/TRACE] [REI] [REIServerPlugin START] Reloading Section: "start-reload/SlotAccessorRegistryImpl/" done in 30.91 μs
[22:03:27] [main/TRACE] [REI] [REIServerPlugin START] Reloading Section: "start-reload/" done in 216.5 μs
[22:03:27] [main/DEBUG] [REI] ========================================
[22:03:27] [main/DEBUG] [REI] REIServerPlugin started main-reload for START.
[22:03:27] [main/DEBUG] [REI] ========================================
[22:03:27] [main/TRACE] [REI] [REIServerPlugin START] Reloading Section: "reloadable-plugin/MenuInfoRegistryImpl/"
[22:03:27] [main/TRACE] [REI] [REIServerPlugin START] Reloading Section: "reloadable-plugin/MenuInfoRegistryImpl/DefaultPluginImpl of DefaultPluginImpl [roughlyenoughitems]/"
[22:03:27] [main/TRACE] [REI] [REIServerPlugin START] Reloading Section: "reloadable-plugin/MenuInfoRegistryImpl/DefaultPluginImpl of DefaultPluginImpl [roughlyenoughitems]/" done in 35.61 μs
[22:03:27] [main/TRACE] [REI] [REIServerPlugin START] Reloading Section: "reloadable-plugin/MenuInfoRegistryImpl/StorageReiCommonPlugin of StorageReiCommonPlugin [sophisticatedstorage]/"
[22:03:27] [main/TRACE] [REI] [REIServerPlugin START] Reloading Section: "reloadable-plugin/MenuInfoRegistryImpl/StorageReiCommonPlugin of StorageReiCommonPlugin [sophisticatedstorage]/" done in 30.82 μs
[22:03:27] [main/TRACE] [REI] [REIServerPlugin START] Reloading Section: "reloadable-plugin/MenuInfoRegistryImpl/BackpackReiCommonPlugin of BackpackReiCommonPlugin [sophisticatedbackpacks]/"
[22:03:27] [main/TRACE] [REI] [REIServerPlugin START] Reloading Section: "reloadable-plugin/MenuInfoRegistryImpl/BackpackReiCommonPlugin of BackpackReiCommonPlugin [sophisticatedbackpacks]/" done in 58.81 μs
[22:03:27] [main/TRACE] [REI] [REIServerPlugin START] Reloading Section: "reloadable-plugin/MenuInfoRegistryImpl/CoreReiCommonPlugin of CoreReiCommonPlugin [sophisticatedcore]/"
[22:03:27] [main/TRACE] [REI] [REIServerPlugin START] Reloading Section: "reloadable-plugin/MenuInfoRegistryImpl/CoreReiCommonPlugin of CoreReiCommonPlugin [sophisticatedcore]/" done in 44.54 μs
[22:03:27] [main/TRACE] [REI] [REIServerPlugin START] Reloading Section: "reloadable-plugin/MenuInfoRegistryImpl/DefaultRuntimePlugin of DefaultRuntimePlugin [roughlyenoughitems]/"
[22:03:27] [main/TRACE] [REI] [REIServerPlugin START] Reloading Section: "reloadable-plugin/MenuInfoRegistryImpl/DefaultRuntimePlugin of DefaultRuntimePlugin [roughlyenoughitems]/" done in 43.45 μs
[22:03:27] [main/TRACE] [REI] [REIServerPlugin START] Reloading Section: "reloadable-plugin/MenuInfoRegistryImpl/" done in 609.0 μs
[22:03:27] [main/TRACE] [REI] [REIServerPlugin START] Reloading Section: "reloadable-plugin/SlotAccessorRegistryImpl/"
[22:03:27] [main/TRACE] [REI] [REIServerPlugin START] Reloading Section: "reloadable-plugin/SlotAccessorRegistryImpl/DefaultPluginImpl of DefaultPluginImpl [roughlyenoughitems]/"
[22:03:27] [main/TRACE] [REI] [REIServerPlugin START] Reloading Section: "reloadable-plugin/SlotAccessorRegistryImpl/DefaultPluginImpl of DefaultPluginImpl [roughlyenoughitems]/" done in 48.22 μs
[22:03:27] [main/TRACE] [REI] [REIServerPlugin START] Reloading Section: "reloadable-plugin/SlotAccessorRegistryImpl/StorageReiCommonPlugin of StorageReiCommonPlugin [sophisticatedstorage]/"
[22:03:27] [main/TRACE] [REI] [REIServerPlugin START] Reloading Section: "reloadable-plugin/SlotAccessorRegistryImpl/StorageReiCommonPlugin of StorageReiCommonPlugin [sophisticatedstorage]/" done in 44.19 μs
[22:03:27] [main/TRACE] [REI] [REIServerPlugin START] Reloading Section: "reloadable-plugin/SlotAccessorRegistryImpl/BackpackReiCommonPlugin of BackpackReiCommonPlugin [sophisticatedbackpacks]/"
[22:03:27] [main/TRACE] [REI] [REIServerPlugin START] Reloading Section: "reloadable-plugin/SlotAccessorRegistryImpl/BackpackReiCommonPlugin of BackpackReiCommonPlugin [sophisticatedbackpacks]/" done in 51.59 μs
[22:03:27] [main/TRACE] [REI] [REIServerPlugin START] Reloading Section: "reloadable-plugin/SlotAccessorRegistryImpl/CoreReiCommonPlugin of CoreReiCommonPlugin [sophisticatedcore]/"
[22:03:27] [main/TRACE] [REI] [REIServerPlugin START] Reloading Section: "reloadable-plugin/SlotAccessorRegistryImpl/CoreReiCommonPlugin of CoreReiCommonPlugin [sophisticatedcore]/" done in 41.06 μs
[22:03:27] [main/TRACE] [REI] [REIServerPlugin START] Reloading Section: "reloadable-plugin/SlotAccessorRegistryImpl/DefaultRuntimePlugin of DefaultRuntimePlugin [roughlyenoughitems]/"
[22:03:27] [main/TRACE] [REI] [REIServerPlugin START] Reloading Section: "reloadable-plugin/SlotAccessorRegistryImpl/DefaultRuntimePlugin of DefaultRuntimePlugin [roughlyenoughitems]/" done in 39.05 μs
[22:03:27] [main/TRACE] [REI] [REIServerPlugin START] Reloading Section: "reloadable-plugin/SlotAccessorRegistryImpl/" done in 628.3 μs
[22:03:27] [main/DEBUG] [REI] ========================================
[22:03:27] [main/DEBUG] [REI] REIServerPlugin ending main-reload for START.
[22:03:27] [main/DEBUG] [REI] ========================================
[22:03:27] [main/TRACE] [REI] [REIServerPlugin START] Reloading Section: "end-reload/"
[22:03:27] [main/TRACE] [REI] [REIServerPlugin START] Reloading Section: "end-reload/MenuInfoRegistryImpl/"
[22:03:27] [main/TRACE] [REI] [REIServerPlugin START] Reloading Section: "end-reload/MenuInfoRegistryImpl/" done in 40.69 μs
[22:03:27] [main/TRACE] [REI] [REIServerPlugin START] Reloading Section: "end-reload/SlotAccessorRegistryImpl/"
[22:03:27] [main/TRACE] [REI] [REIServerPlugin START] Reloading Section: "end-reload/SlotAccessorRegistryImpl/" done in 45.61 μs
[22:03:27] [main/TRACE] [REI] [REIServerPlugin START] Reloading Section: "end-reload/" done in 269.6 μs
[22:03:27] [main/DEBUG] [REI] ========================================
[22:03:27] [main/DEBUG] [REI] REIServerPlugin ended main-reload for START in 3.375 ms.
[22:03:27] [main/DEBUG] [REI] ========================================
[22:03:27] [main/DEBUG] [REI] ========================================
[22:03:27] [main/DEBUG] [REI] REIPlugin starting post-reload for START.
[22:03:27] [main/DEBUG] [REI] Reloadables (7):
[22:03:27] [main/DEBUG] [REI]  - EntryTypeRegistryImpl
[22:03:27] [main/DEBUG] [REI]  - EntrySettingsAdapterRegistryImpl
[22:03:27] [main/DEBUG] [REI]  - RecipeManagerContextImpl
[22:03:27] [main/DEBUG] [REI]  - ItemComparatorRegistryImpl
[22:03:27] [main/DEBUG] [REI]  - FluidComparatorRegistryImpl
[22:03:27] [main/DEBUG] [REI]  - DisplaySerializerRegistryImpl
[22:03:27] [main/DEBUG] [REI]  - FluidSupportProviderImpl
[22:03:27] [main/DEBUG] [REI] Plugins (5):
[22:03:27] [main/DEBUG] [REI]  - (-100.00) DefaultPluginImpl of DefaultPluginImpl [roughlyenoughitems]
[22:03:27] [main/DEBUG] [REI]  - (0.00) DefaultRuntimePlugin of DefaultRuntimePlugin [roughlyenoughitems]
[22:03:27] [main/DEBUG] [REI]  - (0.00) StorageReiCommonPlugin of StorageReiCommonPlugin [sophisticatedstorage]
[22:03:27] [main/DEBUG] [REI]  - (0.00) BackpackReiCommonPlugin of BackpackReiCommonPlugin [sophisticatedbackpacks]
[22:03:27] [main/DEBUG] [REI]  - (0.00) CoreReiCommonPlugin of CoreReiCommonPlugin [sophisticatedcore]
[22:03:27] [main/DEBUG] [REI] ========================================
[22:03:27] [main/TRACE] [REI] [REIPlugin START] Reloading Section: "post-register/"
[22:03:27] [main/TRACE] [REI] [REIPlugin START] Reloading Section: "post-register/DefaultPluginImpl of DefaultPluginImpl [roughlyenoughitems]/"
[22:03:27] [main/TRACE] [REI] [REIPlugin START] Reloading Section: "post-register/DefaultPluginImpl of DefaultPluginImpl [roughlyenoughitems]/" done in 167.9 μs
[22:03:27] [main/TRACE] [REI] [REIPlugin START] Reloading Section: "post-register/DefaultRuntimePlugin of DefaultRuntimePlugin [roughlyenoughitems]/"
[22:03:27] [main/TRACE] [REI] [REIPlugin START] Reloading Section: "post-register/DefaultRuntimePlugin of DefaultRuntimePlugin [roughlyenoughitems]/" done in 83.92 μs
[22:03:27] [main/TRACE] [REI] [REIPlugin START] Reloading Section: "post-register/StorageReiCommonPlugin of StorageReiCommonPlugin [sophisticatedstorage]/"
[22:03:27] [main/TRACE] [REI] [REIPlugin START] Reloading Section: "post-register/StorageReiCommonPlugin of StorageReiCommonPlugin [sophisticatedstorage]/" done in 32.92 μs
[22:03:27] [main/TRACE] [REI] [REIPlugin START] Reloading Section: "post-register/BackpackReiCommonPlugin of BackpackReiCommonPlugin [sophisticatedbackpacks]/"
[22:03:27] [main/TRACE] [REI] [REIPlugin START] Reloading Section: "post-register/BackpackReiCommonPlugin of BackpackReiCommonPlugin [sophisticatedbackpacks]/" done in 29.67 μs
[22:03:27] [main/TRACE] [REI] [REIPlugin START] Reloading Section: "post-register/CoreReiCommonPlugin of CoreReiCommonPlugin [sophisticatedcore]/"
[22:03:27] [main/TRACE] [REI] [REIPlugin START] Reloading Section: "post-register/CoreReiCommonPlugin of CoreReiCommonPlugin [sophisticatedcore]/" done in 40.04 μs
[22:03:27] [main/TRACE] [REI] [REIPlugin START] Reloading Section: "post-register/" done in 889.6 μs
[22:03:27] [main/TRACE] [REI] [REIPlugin START] Reloading Section: "post-stage/"
[22:03:27] [main/TRACE] [REI] [REIPlugin START] Reloading Section: "post-stage/EntryTypeRegistryImpl/"
[22:03:27] [main/TRACE] [REI] [REIPlugin START] Reloading Section: "post-stage/EntryTypeRegistryImpl/" done in 72.42 μs
[22:03:27] [main/TRACE] [REI] [REIPlugin START] Reloading Section: "post-stage/EntrySettingsAdapterRegistryImpl/"
[22:03:27] [main/TRACE] [REI] [REIPlugin START] Reloading Section: "post-stage/EntrySettingsAdapterRegistryImpl/" done in 47.56 μs
[22:03:27] [main/TRACE] [REI] [REIPlugin START] Reloading Section: "post-stage/RecipeManagerContextImpl/"
[22:03:27] [main/TRACE] [REI] [REIPlugin START] Reloading Section: "post-stage/RecipeManagerContextImpl/" done in 49.64 μs
[22:03:27] [main/TRACE] [REI] [REIPlugin START] Reloading Section: "post-stage/ItemComparatorRegistryImpl/"
[22:03:27] [main/TRACE] [REI] [REIPlugin START] Reloading Section: "post-stage/ItemComparatorRegistryImpl/" done in 39.67 μs
[22:03:27] [main/TRACE] [REI] [REIPlugin START] Reloading Section: "post-stage/FluidComparatorRegistryImpl/"
[22:03:27] [main/TRACE] [REI] [REIPlugin START] Reloading Section: "post-stage/FluidComparatorRegistryImpl/" done in 44.08 μs
[22:03:27] [main/TRACE] [REI] [REIPlugin START] Reloading Section: "post-stage/DisplaySerializerRegistryImpl/"
[22:03:27] [main/TRACE] [REI] [REIPlugin START] Reloading Section: "post-stage/DisplaySerializerRegistryImpl/" done in 46.05 μs
[22:03:27] [main/TRACE] [REI] [REIPlugin START] Reloading Section: "post-stage/FluidSupportProviderImpl/"
[22:03:27] [main/TRACE] [REI] [REIPlugin START] Reloading Section: "post-stage/FluidSupportProviderImpl/" done in 39.53 μs
[22:03:27] [main/TRACE] [REI] [REIPlugin START] Reloading Section: "post-stage/" done in 1.081 ms
[22:03:27] [main/DEBUG] [REI] ========================================
[22:03:27] [main/INFO] [REI] REIPlugin finished post-reload for START in 2.108 ms, totaling 105.9 ms.
[22:03:27] [main/DEBUG] [REI] ========================================
[22:03:27] [main/DEBUG] [REI] ========================================
[22:03:27] [main/DEBUG] [REI] REIServerPlugin starting post-reload for START.
[22:03:27] [main/DEBUG] [REI] Reloadables (2):
[22:03:27] [main/DEBUG] [REI]  - MenuInfoRegistryImpl
[22:03:27] [main/DEBUG] [REI]  - SlotAccessorRegistryImpl
[22:03:27] [main/DEBUG] [REI] Plugins (5):
[22:03:27] [main/DEBUG] [REI]  - (-100.00) DefaultPluginImpl of DefaultPluginImpl [roughlyenoughitems]
[22:03:27] [main/DEBUG] [REI]  - (0.00) StorageReiCommonPlugin of StorageReiCommonPlugin [sophisticatedstorage]
[22:03:27] [main/DEBUG] [REI]  - (0.00) BackpackReiCommonPlugin of BackpackReiCommonPlugin [sophisticatedbackpacks]
[22:03:27] [main/DEBUG] [REI]  - (0.00) CoreReiCommonPlugin of CoreReiCommonPlugin [sophisticatedcore]
[22:03:27] [main/DEBUG] [REI]  - (0.00) DefaultRuntimePlugin of DefaultRuntimePlugin [roughlyenoughitems]
[22:03:27] [main/DEBUG] [REI] ========================================
[22:03:27] [main/TRACE] [REI] [REIServerPlugin START] Reloading Section: "post-register/"
[22:03:27] [main/TRACE] [REI] [REIServerPlugin START] Reloading Section: "post-register/DefaultPluginImpl of DefaultPluginImpl [roughlyenoughitems]/"
[22:03:27] [main/TRACE] [REI] [REIServerPlugin START] Reloading Section: "post-register/DefaultPluginImpl of DefaultPluginImpl [roughlyenoughitems]/" done in 47.12 μs
[22:03:27] [main/TRACE] [REI] [REIServerPlugin START] Reloading Section: "post-register/StorageReiCommonPlugin of StorageReiCommonPlugin [sophisticatedstorage]/"
[22:03:27] [main/TRACE] [REI] [REIServerPlugin START] Reloading Section: "post-register/StorageReiCommonPlugin of StorageReiCommonPlugin [sophisticatedstorage]/" done in 59.46 μs
[22:03:27] [main/TRACE] [REI] [REIServerPlugin START] Reloading Section: "post-register/BackpackReiCommonPlugin of BackpackReiCommonPlugin [sophisticatedbackpacks]/"
[22:03:27] [main/TRACE] [REI] [REIServerPlugin START] Reloading Section: "post-register/BackpackReiCommonPlugin of BackpackReiCommonPlugin [sophisticatedbackpacks]/" done in 43.72 μs
[22:03:27] [main/TRACE] [REI] [REIServerPlugin START] Reloading Section: "post-register/CoreReiCommonPlugin of CoreReiCommonPlugin [sophisticatedcore]/"
[22:03:27] [main/TRACE] [REI] [REIServerPlugin START] Reloading Section: "post-register/CoreReiCommonPlugin of CoreReiCommonPlugin [sophisticatedcore]/" done in 44.13 μs
[22:03:27] [main/TRACE] [REI] [REIServerPlugin START] Reloading Section: "post-register/DefaultRuntimePlugin of DefaultRuntimePlugin [roughlyenoughitems]/"
[22:03:27] [main/TRACE] [REI] [REIServerPlugin START] Reloading Section: "post-register/DefaultRuntimePlugin of DefaultRuntimePlugin [roughlyenoughitems]/" done in 47.89 μs
[22:03:27] [main/TRACE] [REI] [REIServerPlugin START] Reloading Section: "post-register/" done in 716.1 μs
[22:03:27] [main/TRACE] [REI] [REIServerPlugin START] Reloading Section: "post-stage/"
[22:03:27] [main/TRACE] [REI] [REIServerPlugin START] Reloading Section: "post-stage/MenuInfoRegistryImpl/"
[22:03:27] [main/TRACE] [REI] [REIServerPlugin START] Reloading Section: "post-stage/MenuInfoRegistryImpl/" done in 44.26 μs
[22:03:27] [main/TRACE] [REI] [REIServerPlugin START] Reloading Section: "post-stage/SlotAccessorRegistryImpl/"
[22:03:27] [main/TRACE] [REI] [REIServerPlugin START] Reloading Section: "post-stage/SlotAccessorRegistryImpl/" done in 37.04 μs
[22:03:27] [main/TRACE] [REI] [REIServerPlugin START] Reloading Section: "post-stage/" done in 306.1 μs
[22:03:27] [main/DEBUG] [REI] ========================================
[22:03:27] [main/INFO] [REI] REIServerPlugin finished post-reload for START in 1.139 ms, totaling 5.652 ms.
[22:03:27] [main/DEBUG] [REI] ========================================
[22:03:27] [main/DEBUG] [REI] ========================================
[22:03:27] [main/DEBUG] [REI] REIPlugin starting pre-reload for END.
[22:03:27] [main/DEBUG] [REI] Reloadables (7):
[22:03:27] [main/DEBUG] [REI]  - EntryTypeRegistryImpl
[22:03:27] [main/DEBUG] [REI]  - EntrySettingsAdapterRegistryImpl
[22:03:27] [main/DEBUG] [REI]  - RecipeManagerContextImpl
[22:03:27] [main/DEBUG] [REI]  - ItemComparatorRegistryImpl
[22:03:27] [main/DEBUG] [REI]  - FluidComparatorRegistryImpl
[22:03:27] [main/DEBUG] [REI]  - DisplaySerializerRegistryImpl
[22:03:27] [main/DEBUG] [REI]  - FluidSupportProviderImpl
[22:03:27] [main/DEBUG] [REI] Plugins (5):
[22:03:27] [main/DEBUG] [REI]  - (-100.00) DefaultPluginImpl of DefaultPluginImpl [roughlyenoughitems]
[22:03:27] [main/DEBUG] [REI]  - (0.00) DefaultRuntimePlugin of DefaultRuntimePlugin [roughlyenoughitems]
[22:03:27] [main/DEBUG] [REI]  - (0.00) StorageReiCommonPlugin of StorageReiCommonPlugin [sophisticatedstorage]
[22:03:27] [main/DEBUG] [REI]  - (0.00) BackpackReiCommonPlugin of BackpackReiCommonPlugin [sophisticatedbackpacks]
[22:03:27] [main/DEBUG] [REI]  - (0.00) CoreReiCommonPlugin of CoreReiCommonPlugin [sophisticatedcore]
[22:03:27] [main/DEBUG] [REI] ========================================
[22:03:27] [main/TRACE] [REI] [REIPlugin END] Reloading Section: "pre-register/"
[22:03:27] [main/TRACE] [REI] [REIPlugin END] Reloading Section: "pre-register/DefaultPluginImpl of DefaultPluginImpl [roughlyenoughitems]/"
[22:03:27] [main/TRACE] [REI] [REIPlugin END] Reloading Section: "pre-register/DefaultPluginImpl of DefaultPluginImpl [roughlyenoughitems]/" done in 46.49 μs
[22:03:27] [main/TRACE] [REI] [REIPlugin END] Reloading Section: "pre-register/DefaultRuntimePlugin of DefaultRuntimePlugin [roughlyenoughitems]/"
[22:03:27] [main/TRACE] [REI] [REIPlugin END] Reloading Section: "pre-register/DefaultRuntimePlugin of DefaultRuntimePlugin [roughlyenoughitems]/" done in 44.63 μs
[22:03:27] [main/TRACE] [REI] [REIPlugin END] Reloading Section: "pre-register/StorageReiCommonPlugin of StorageReiCommonPlugin [sophisticatedstorage]/"
[22:03:27] [main/TRACE] [REI] [REIPlugin END] Reloading Section: "pre-register/StorageReiCommonPlugin of StorageReiCommonPlugin [sophisticatedstorage]/" done in 39.43 μs
[22:03:27] [main/TRACE] [REI] [REIPlugin END] Reloading Section: "pre-register/BackpackReiCommonPlugin of BackpackReiCommonPlugin [sophisticatedbackpacks]/"
[22:03:27] [main/TRACE] [REI] [REIPlugin END] Reloading Section: "pre-register/BackpackReiCommonPlugin of BackpackReiCommonPlugin [sophisticatedbackpacks]/" done in 41.56 μs
[22:03:27] [main/TRACE] [REI] [REIPlugin END] Reloading Section: "pre-register/CoreReiCommonPlugin of CoreReiCommonPlugin [sophisticatedcore]/"
[22:03:27] [main/TRACE] [REI] [REIPlugin END] Reloading Section: "pre-register/CoreReiCommonPlugin of CoreReiCommonPlugin [sophisticatedcore]/" done in 34.34 μs
[22:03:27] [main/TRACE] [REI] [REIPlugin END] Reloading Section: "pre-register/" done in 705.3 μs
[22:03:27] [main/TRACE] [REI] [REIPlugin END] Reloading Section: "pre-stage/"
[22:03:27] [main/TRACE] [REI] [REIPlugin END] Reloading Section: "pre-stage/EntryTypeRegistryImpl/"
[22:03:27] [main/TRACE] [REI] [REIPlugin END] Reloading Section: "pre-stage/EntryTypeRegistryImpl/" done in 28.74 μs
[22:03:27] [main/TRACE] [REI] [REIPlugin END] Reloading Section: "pre-stage/EntrySettingsAdapterRegistryImpl/"
[22:03:27] [main/TRACE] [REI] [REIPlugin END] Reloading Section: "pre-stage/EntrySettingsAdapterRegistryImpl/" done in 30.17 μs
[22:03:27] [main/TRACE] [REI] [REIPlugin END] Reloading Section: "pre-stage/RecipeManagerContextImpl/"
[22:03:27] [main/TRACE] [REI] [REIPlugin END] Reloading Section: "pre-stage/RecipeManagerContextImpl/" done in 26.30 μs
[22:03:27] [main/TRACE] [REI] [REIPlugin END] Reloading Section: "pre-stage/ItemComparatorRegistryImpl/"
[22:03:27] [main/TRACE] [REI] [REIPlugin END] Reloading Section: "pre-stage/ItemComparatorRegistryImpl/" done in 49.18 μs
[22:03:27] [main/TRACE] [REI] [REIPlugin END] Reloading Section: "pre-stage/FluidComparatorRegistryImpl/"
[22:03:27] [main/TRACE] [REI] [REIPlugin END] Reloading Section: "pre-stage/FluidComparatorRegistryImpl/" done in 27.50 μs
[22:03:27] [main/TRACE] [REI] [REIPlugin END] Reloading Section: "pre-stage/DisplaySerializerRegistryImpl/"
[22:03:27] [main/TRACE] [REI] [REIPlugin END] Reloading Section: "pre-stage/DisplaySerializerRegistryImpl/" done in 30.13 μs
[22:03:27] [main/TRACE] [REI] [REIPlugin END] Reloading Section: "pre-stage/FluidSupportProviderImpl/"
[22:03:27] [main/TRACE] [REI] [REIPlugin END] Reloading Section: "pre-stage/FluidSupportProviderImpl/" done in 25.89 μs
[22:03:27] [main/TRACE] [REI] [REIPlugin END] Reloading Section: "pre-stage/" done in 606.3 μs
[22:03:27] [main/DEBUG] [REI] ========================================
[22:03:27] [main/DEBUG] [REI] REIPlugin finished pre-reload for END in 1.404 ms.
[22:03:27] [main/DEBUG] [REI] ========================================
[22:03:27] [main/DEBUG] [REI] ========================================
[22:03:27] [main/DEBUG] [REI] REIServerPlugin starting pre-reload for END.
[22:03:27] [main/DEBUG] [REI] Reloadables (2):
[22:03:27] [main/DEBUG] [REI]  - MenuInfoRegistryImpl
[22:03:27] [main/DEBUG] [REI]  - SlotAccessorRegistryImpl
[22:03:27] [main/DEBUG] [REI] Plugins (5):
[22:03:27] [main/DEBUG] [REI]  - (-100.00) DefaultPluginImpl of DefaultPluginImpl [roughlyenoughitems]
[22:03:27] [main/DEBUG] [REI]  - (0.00) StorageReiCommonPlugin of StorageReiCommonPlugin [sophisticatedstorage]
[22:03:27] [main/DEBUG] [REI]  - (0.00) BackpackReiCommonPlugin of BackpackReiCommonPlugin [sophisticatedbackpacks]
[22:03:27] [main/DEBUG] [REI]  - (0.00) CoreReiCommonPlugin of CoreReiCommonPlugin [sophisticatedcore]
[22:03:27] [main/DEBUG] [REI]  - (0.00) DefaultRuntimePlugin of DefaultRuntimePlugin [roughlyenoughitems]
[22:03:27] [main/DEBUG] [REI] ========================================
[22:03:27] [main/TRACE] [REI] [REIServerPlugin END] Reloading Section: "pre-register/"
[22:03:27] [main/TRACE] [REI] [REIServerPlugin END] Reloading Section: "pre-register/DefaultPluginImpl of DefaultPluginImpl [roughlyenoughitems]/"
[22:03:27] [main/TRACE] [REI] [REIServerPlugin END] Reloading Section: "pre-register/DefaultPluginImpl of DefaultPluginImpl [roughlyenoughitems]/" done in 34.75 μs
[22:03:27] [main/TRACE] [REI] [REIServerPlugin END] Reloading Section: "pre-register/StorageReiCommonPlugin of StorageReiCommonPlugin [sophisticatedstorage]/"
[22:03:27] [main/TRACE] [REI] [REIServerPlugin END] Reloading Section: "pre-register/StorageReiCommonPlugin of StorageReiCommonPlugin [sophisticatedstorage]/" done in 37.48 μs
[22:03:27] [main/TRACE] [REI] [REIServerPlugin END] Reloading Section: "pre-register/BackpackReiCommonPlugin of BackpackReiCommonPlugin [sophisticatedbackpacks]/"
[22:03:27] [main/TRACE] [REI] [REIServerPlugin END] Reloading Section: "pre-register/BackpackReiCommonPlugin of BackpackReiCommonPlugin [sophisticatedbackpacks]/" done in 36.91 μs
[22:03:27] [main/TRACE] [REI] [REIServerPlugin END] Reloading Section: "pre-register/CoreReiCommonPlugin of CoreReiCommonPlugin [sophisticatedcore]/"
[22:03:27] [main/TRACE] [REI] [REIServerPlugin END] Reloading Section: "pre-register/CoreReiCommonPlugin of CoreReiCommonPlugin [sophisticatedcore]/" done in 48.11 μs
[22:03:27] [main/TRACE] [REI] [REIServerPlugin END] Reloading Section: "pre-register/DefaultRuntimePlugin of DefaultRuntimePlugin [roughlyenoughitems]/"
[22:03:27] [main/TRACE] [REI] [REIServerPlugin END] Reloading Section: "pre-register/DefaultRuntimePlugin of DefaultRuntimePlugin [roughlyenoughitems]/" done in 33.82 μs
[22:03:27] [main/TRACE] [REI] [REIServerPlugin END] Reloading Section: "pre-register/" done in 513.7 μs
[22:03:27] [main/TRACE] [REI] [REIServerPlugin END] Reloading Section: "pre-stage/"
[22:03:27] [main/TRACE] [REI] [REIServerPlugin END] Reloading Section: "pre-stage/MenuInfoRegistryImpl/"
[22:03:27] [main/TRACE] [REI] [REIServerPlugin END] Reloading Section: "pre-stage/MenuInfoRegistryImpl/" done in 31.36 μs
[22:03:27] [main/TRACE] [REI] [REIServerPlugin END] Reloading Section: "pre-stage/SlotAccessorRegistryImpl/"
[22:03:27] [main/TRACE] [REI] [REIServerPlugin END] Reloading Section: "pre-stage/SlotAccessorRegistryImpl/" done in 46.30 μs
[22:03:27] [main/TRACE] [REI] [REIServerPlugin END] Reloading Section: "pre-stage/" done in 226.9 μs
[22:03:27] [main/DEBUG] [REI] ========================================
[22:03:27] [main/DEBUG] [REI] REIServerPlugin finished pre-reload for END in 837.8 μs.
[22:03:27] [main/DEBUG] [REI] ========================================
[22:03:27] [main/INFO] [REI] ========================================
[22:03:27] [main/INFO] [REI] REIPlugin starting main-reload for END.
[22:03:27] [main/DEBUG] [REI] Reloadables (7):
[22:03:27] [main/DEBUG] [REI]  - EntryTypeRegistryImpl
[22:03:27] [main/DEBUG] [REI]  - EntrySettingsAdapterRegistryImpl
[22:03:27] [main/DEBUG] [REI]  - RecipeManagerContextImpl
[22:03:27] [main/DEBUG] [REI]  - ItemComparatorRegistryImpl
[22:03:27] [main/DEBUG] [REI]  - FluidComparatorRegistryImpl
[22:03:27] [main/DEBUG] [REI]  - DisplaySerializerRegistryImpl
[22:03:27] [main/DEBUG] [REI]  - FluidSupportProviderImpl
[22:03:27] [main/INFO] [REI] Plugins (5):
[22:03:27] [main/INFO] [REI]  - (-100.00) DefaultPluginImpl of DefaultPluginImpl [roughlyenoughitems]
[22:03:27] [main/INFO] [REI]  - (0.00) DefaultRuntimePlugin of DefaultRuntimePlugin [roughlyenoughitems]
[22:03:27] [main/INFO] [REI]  - (0.00) StorageReiCommonPlugin of StorageReiCommonPlugin [sophisticatedstorage]
[22:03:27] [main/INFO] [REI]  - (0.00) BackpackReiCommonPlugin of BackpackReiCommonPlugin [sophisticatedbackpacks]
[22:03:27] [main/INFO] [REI]  - (0.00) CoreReiCommonPlugin of CoreReiCommonPlugin [sophisticatedcore]
[22:03:27] [main/INFO] [REI] ========================================
[22:03:27] [main/TRACE] [REI] [REIPlugin END] Reloading Section: "start-reload/"
[22:03:27] [main/TRACE] [REI] [REIPlugin END] Reloading Section: "start-reload/EntryTypeRegistryImpl/"
[22:03:27] [main/TRACE] [REI] [REIPlugin END] Reloading Section: "start-reload/EntryTypeRegistryImpl/" done in 23.65 μs
[22:03:27] [main/TRACE] [REI] [REIPlugin END] Reloading Section: "start-reload/EntrySettingsAdapterRegistryImpl/"
[22:03:27] [main/TRACE] [REI] [REIPlugin END] Reloading Section: "start-reload/EntrySettingsAdapterRegistryImpl/" done in 28.15 μs
[22:03:27] [main/TRACE] [REI] [REIPlugin END] Reloading Section: "start-reload/RecipeManagerContextImpl/"
[22:03:27] [main/TRACE] [REI] [REIPlugin END] Reloading Section: "start-reload/RecipeManagerContextImpl/" done in 22.46 μs
[22:03:27] [main/TRACE] [REI] [REIPlugin END] Reloading Section: "start-reload/ItemComparatorRegistryImpl/"
[22:03:27] [main/TRACE] [REI] [REIPlugin END] Reloading Section: "start-reload/ItemComparatorRegistryImpl/" done in 21.14 μs
[22:03:27] [main/TRACE] [REI] [REIPlugin END] Reloading Section: "start-reload/FluidComparatorRegistryImpl/"
[22:03:27] [main/TRACE] [REI] [REIPlugin END] Reloading Section: "start-reload/FluidComparatorRegistryImpl/" done in 19.85 μs
[22:03:27] [main/TRACE] [REI] [REIPlugin END] Reloading Section: "start-reload/DisplaySerializerRegistryImpl/"
[22:03:27] [main/TRACE] [REI] [REIPlugin END] Reloading Section: "start-reload/DisplaySerializerRegistryImpl/" done in 50.78 μs
[22:03:27] [main/TRACE] [REI] [REIPlugin END] Reloading Section: "start-reload/FluidSupportProviderImpl/"
[22:03:27] [main/TRACE] [REI] [REIPlugin END] Reloading Section: "start-reload/FluidSupportProviderImpl/" done in 21.45 μs
[22:03:27] [main/TRACE] [REI] [REIPlugin END] Reloading Section: "start-reload/" done in 508.8 μs
[22:03:27] [main/DEBUG] [REI] ========================================
[22:03:27] [main/DEBUG] [REI] REIPlugin started main-reload for END.
[22:03:27] [main/DEBUG] [REI] ========================================
[22:03:27] [main/TRACE] [REI] [REIPlugin END] Reloading Section: "reloadable-plugin/EntryTypeRegistryImpl/"
[22:03:27] [main/TRACE] [REI] [REIPlugin END] Reloading Section: "reloadable-plugin/EntryTypeRegistryImpl/DefaultPluginImpl of DefaultPluginImpl [roughlyenoughitems]/"
[22:03:27] [main/TRACE] [REI] [REIPlugin END] Reloading Section: "reloadable-plugin/EntryTypeRegistryImpl/DefaultPluginImpl of DefaultPluginImpl [roughlyenoughitems]/" done in 32.24 μs
[22:03:27] [main/TRACE] [REI] [REIPlugin END] Reloading Section: "reloadable-plugin/EntryTypeRegistryImpl/DefaultRuntimePlugin of DefaultRuntimePlugin [roughlyenoughitems]/"
[22:03:27] [main/TRACE] [REI] [REIPlugin END] Reloading Section: "reloadable-plugin/EntryTypeRegistryImpl/DefaultRuntimePlugin of DefaultRuntimePlugin [roughlyenoughitems]/" done in 27.00 μs
[22:03:27] [main/TRACE] [REI] [REIPlugin END] Reloading Section: "reloadable-plugin/EntryTypeRegistryImpl/StorageReiCommonPlugin of StorageReiCommonPlugin [sophisticatedstorage]/"
[22:03:27] [main/TRACE] [REI] [REIPlugin END] Reloading Section: "reloadable-plugin/EntryTypeRegistryImpl/StorageReiCommonPlugin of StorageReiCommonPlugin [sophisticatedstorage]/" done in 27.36 μs
[22:03:27] [main/TRACE] [REI] [REIPlugin END] Reloading Section: "reloadable-plugin/EntryTypeRegistryImpl/BackpackReiCommonPlugin of BackpackReiCommonPlugin [sophisticatedbackpacks]/"
[22:03:27] [main/TRACE] [REI] [REIPlugin END] Reloading Section: "reloadable-plugin/EntryTypeRegistryImpl/BackpackReiCommonPlugin of BackpackReiCommonPlugin [sophisticatedbackpacks]/" done in 33.82 μs
[22:03:27] [main/TRACE] [REI] [REIPlugin END] Reloading Section: "reloadable-plugin/EntryTypeRegistryImpl/CoreReiCommonPlugin of CoreReiCommonPlugin [sophisticatedcore]/"
[22:03:27] [main/TRACE] [REI] [REIPlugin END] Reloading Section: "reloadable-plugin/EntryTypeRegistryImpl/CoreReiCommonPlugin of CoreReiCommonPlugin [sophisticatedcore]/" done in 26.65 μs
[22:03:27] [main/TRACE] [REI] [REIPlugin END] Reloading Section: "reloadable-plugin/EntryTypeRegistryImpl/" done in 425.7 μs
[22:03:27] [main/TRACE] [REI] [REIPlugin END] Reloading Section: "reloadable-plugin/EntrySettingsAdapterRegistryImpl/"
[22:03:27] [main/TRACE] [REI] [REIPlugin END] Reloading Section: "reloadable-plugin/EntrySettingsAdapterRegistryImpl/DefaultPluginImpl of DefaultPluginImpl [roughlyenoughitems]/"
[22:03:27] [main/TRACE] [REI] [REIPlugin END] Reloading Section: "reloadable-plugin/EntrySettingsAdapterRegistryImpl/DefaultPluginImpl of DefaultPluginImpl [roughlyenoughitems]/" done in 32.11 μs
[22:03:27] [main/TRACE] [REI] [REIPlugin END] Reloading Section: "reloadable-plugin/EntrySettingsAdapterRegistryImpl/DefaultRuntimePlugin of DefaultRuntimePlugin [roughlyenoughitems]/"
[22:03:27] [main/TRACE] [REI] [REIPlugin END] Reloading Section: "reloadable-plugin/EntrySettingsAdapterRegistryImpl/DefaultRuntimePlugin of DefaultRuntimePlugin [roughlyenoughitems]/" done in 27.38 μs
[22:03:27] [main/TRACE] [REI] [REIPlugin END] Reloading Section: "reloadable-plugin/EntrySettingsAdapterRegistryImpl/StorageReiCommonPlugin of StorageReiCommonPlugin [sophisticatedstorage]/"
[22:03:27] [main/TRACE] [REI] [REIPlugin END] Reloading Section: "reloadable-plugin/EntrySettingsAdapterRegistryImpl/StorageReiCommonPlugin of StorageReiCommonPlugin [sophisticatedstorage]/" done in 25.78 μs
[22:03:27] [main/TRACE] [REI] [REIPlugin END] Reloading Section: "reloadable-plugin/EntrySettingsAdapterRegistryImpl/BackpackReiCommonPlugin of BackpackReiCommonPlugin [sophisticatedbackpacks]/"
[22:03:27] [main/TRACE] [REI] [REIPlugin END] Reloading Section: "reloadable-plugin/EntrySettingsAdapterRegistryImpl/BackpackReiCommonPlugin of BackpackReiCommonPlugin [sophisticatedbackpacks]/" done in 54.11 μs
[22:03:27] [main/TRACE] [REI] [REIPlugin END] Reloading Section: "reloadable-plugin/EntrySettingsAdapterRegistryImpl/CoreReiCommonPlugin of CoreReiCommonPlugin [sophisticatedcore]/"
[22:03:27] [main/TRACE] [REI] [REIPlugin END] Reloading Section: "reloadable-plugin/EntrySettingsAdapterRegistryImpl/CoreReiCommonPlugin of CoreReiCommonPlugin [sophisticatedcore]/" done in 28.91 μs
[22:03:27] [main/TRACE] [REI] [REIPlugin END] Reloading Section: "reloadable-plugin/EntrySettingsAdapterRegistryImpl/" done in 426.3 μs
[22:03:27] [main/TRACE] [REI] [REIPlugin END] Reloading Section: "reloadable-plugin/RecipeManagerContextImpl/"
[22:03:27] [main/TRACE] [REI] [REIPlugin END] Reloading Section: "reloadable-plugin/RecipeManagerContextImpl/DefaultPluginImpl of DefaultPluginImpl [roughlyenoughitems]/"
[22:03:27] [main/TRACE] [REI] [REIPlugin END] Reloading Section: "reloadable-plugin/RecipeManagerContextImpl/DefaultPluginImpl of DefaultPluginImpl [roughlyenoughitems]/" done in 29.02 μs
[22:03:27] [main/TRACE] [REI] [REIPlugin END] Reloading Section: "reloadable-plugin/RecipeManagerContextImpl/DefaultRuntimePlugin of DefaultRuntimePlugin [roughlyenoughitems]/"
[22:03:27] [main/TRACE] [REI] [REIPlugin END] Reloading Section: "reloadable-plugin/RecipeManagerContextImpl/DefaultRuntimePlugin of DefaultRuntimePlugin [roughlyenoughitems]/" done in 29.08 μs
[22:03:27] [main/TRACE] [REI] [REIPlugin END] Reloading Section: "reloadable-plugin/RecipeManagerContextImpl/StorageReiCommonPlugin of StorageReiCommonPlugin [sophisticatedstorage]/"
[22:03:27] [main/TRACE] [REI] [REIPlugin END] Reloading Section: "reloadable-plugin/RecipeManagerContextImpl/StorageReiCommonPlugin of StorageReiCommonPlugin [sophisticatedstorage]/" done in 27.27 μs
[22:03:27] [main/TRACE] [REI] [REIPlugin END] Reloading Section: "reloadable-plugin/RecipeManagerContextImpl/BackpackReiCommonPlugin of BackpackReiCommonPlugin [sophisticatedbackpacks]/"
[22:03:27] [main/TRACE] [REI] [REIPlugin END] Reloading Section: "reloadable-plugin/RecipeManagerContextImpl/BackpackReiCommonPlugin of BackpackReiCommonPlugin [sophisticatedbackpacks]/" done in 25.75 μs
[22:03:27] [main/TRACE] [REI] [REIPlugin END] Reloading Section: "reloadable-plugin/RecipeManagerContextImpl/CoreReiCommonPlugin of CoreReiCommonPlugin [sophisticatedcore]/"
[22:03:27] [main/TRACE] [REI] [REIPlugin END] Reloading Section: "reloadable-plugin/RecipeManagerContextImpl/CoreReiCommonPlugin of CoreReiCommonPlugin [sophisticatedcore]/" done in 25.96 μs
[22:03:27] [main/TRACE] [REI] [REIPlugin END] Reloading Section: "reloadable-plugin/RecipeManagerContextImpl/" done in 429.5 μs
[22:03:27] [main/TRACE] [REI] [REIPlugin END] Reloading Section: "reloadable-plugin/ItemComparatorRegistryImpl/"
[22:03:27] [main/TRACE] [REI] [REIPlugin END] Reloading Section: "reloadable-plugin/ItemComparatorRegistryImpl/DefaultPluginImpl of DefaultPluginImpl [roughlyenoughitems]/"
[22:03:27] [main/TRACE] [REI] [REIPlugin END] Reloading Section: "reloadable-plugin/ItemComparatorRegistryImpl/DefaultPluginImpl of DefaultPluginImpl [roughlyenoughitems]/" done in 25.70 μs
[22:03:27] [main/TRACE] [REI] [REIPlugin END] Reloading Section: "reloadable-plugin/ItemComparatorRegistryImpl/DefaultRuntimePlugin of DefaultRuntimePlugin [roughlyenoughitems]/"
[22:03:27] [main/TRACE] [REI] [REIPlugin END] Reloading Section: "reloadable-plugin/ItemComparatorRegistryImpl/DefaultRuntimePlugin of DefaultRuntimePlugin [roughlyenoughitems]/" done in 28.15 μs
[22:03:27] [main/TRACE] [REI] [REIPlugin END] Reloading Section: "reloadable-plugin/ItemComparatorRegistryImpl/StorageReiCommonPlugin of StorageReiCommonPlugin [sophisticatedstorage]/"
[22:03:27] [main/TRACE] [REI] [REIPlugin END] Reloading Section: "reloadable-plugin/ItemComparatorRegistryImpl/StorageReiCommonPlugin of StorageReiCommonPlugin [sophisticatedstorage]/" done in 25.84 μs
[22:03:27] [main/TRACE] [REI] [REIPlugin END] Reloading Section: "reloadable-plugin/ItemComparatorRegistryImpl/BackpackReiCommonPlugin of BackpackReiCommonPlugin [sophisticatedbackpacks]/"
[22:03:27] [main/TRACE] [REI] [REIPlugin END] Reloading Section: "reloadable-plugin/ItemComparatorRegistryImpl/BackpackReiCommonPlugin of BackpackReiCommonPlugin [sophisticatedbackpacks]/" done in 26.66 μs
[22:03:27] [main/TRACE] [REI] [REIPlugin END] Reloading Section: "reloadable-plugin/ItemComparatorRegistryImpl/CoreReiCommonPlugin of CoreReiCommonPlugin [sophisticatedcore]/"
[22:03:27] [main/TRACE] [REI] [REIPlugin END] Reloading Section: "reloadable-plugin/ItemComparatorRegistryImpl/CoreReiCommonPlugin of CoreReiCommonPlugin [sophisticatedcore]/" done in 2.712 ms
[22:03:27] [main/TRACE] [REI] [REIPlugin END] Reloading Section: "reloadable-plugin/ItemComparatorRegistryImpl/" done in 3.156 ms
[22:03:27] [main/TRACE] [REI] [REIPlugin END] Reloading Section: "reloadable-plugin/FluidComparatorRegistryImpl/"
[22:03:27] [main/TRACE] [REI] [REIPlugin END] Reloading Section: "reloadable-plugin/FluidComparatorRegistryImpl/DefaultPluginImpl of DefaultPluginImpl [roughlyenoughitems]/"
[22:03:27] [main/TRACE] [REI] [REIPlugin END] Reloading Section: "reloadable-plugin/FluidComparatorRegistryImpl/DefaultPluginImpl of DefaultPluginImpl [roughlyenoughitems]/" done in 35.96 μs
[22:03:27] [main/TRACE] [REI] [REIPlugin END] Reloading Section: "reloadable-plugin/FluidComparatorRegistryImpl/DefaultRuntimePlugin of DefaultRuntimePlugin [roughlyenoughitems]/"
[22:03:27] [main/TRACE] [REI] [REIPlugin END] Reloading Section: "reloadable-plugin/FluidComparatorRegistryImpl/DefaultRuntimePlugin of DefaultRuntimePlugin [roughlyenoughitems]/" done in 38.51 μs
[22:03:27] [main/TRACE] [REI] [REIPlugin END] Reloading Section: "reloadable-plugin/FluidComparatorRegistryImpl/StorageReiCommonPlugin of StorageReiCommonPlugin [sophisticatedstorage]/"
[22:03:27] [main/TRACE] [REI] [REIPlugin END] Reloading Section: "reloadable-plugin/FluidComparatorRegistryImpl/StorageReiCommonPlugin of StorageReiCommonPlugin [sophisticatedstorage]/" done in 43.37 μs
[22:03:27] [main/TRACE] [REI] [REIPlugin END] Reloading Section: "reloadable-plugin/FluidComparatorRegistryImpl/BackpackReiCommonPlugin of BackpackReiCommonPlugin [sophisticatedbackpacks]/"
[22:03:27] [main/TRACE] [REI] [REIPlugin END] Reloading Section: "reloadable-plugin/FluidComparatorRegistryImpl/BackpackReiCommonPlugin of BackpackReiCommonPlugin [sophisticatedbackpacks]/" done in 34.73 μs
[22:03:27] [main/TRACE] [REI] [REIPlugin END] Reloading Section: "reloadable-plugin/FluidComparatorRegistryImpl/CoreReiCommonPlugin of CoreReiCommonPlugin [sophisticatedcore]/"
[22:03:27] [main/TRACE] [REI] [REIPlugin END] Reloading Section: "reloadable-plugin/FluidComparatorRegistryImpl/CoreReiCommonPlugin of CoreReiCommonPlugin [sophisticatedcore]/" done in 32.96 μs
[22:03:27] [main/TRACE] [REI] [REIPlugin END] Reloading Section: "reloadable-plugin/FluidComparatorRegistryImpl/" done in 546.4 μs
[22:03:27] [main/TRACE] [REI] [REIPlugin END] Reloading Section: "reloadable-plugin/DisplaySerializerRegistryImpl/"
[22:03:27] [main/TRACE] [REI] [REIPlugin END] Reloading Section: "reloadable-plugin/DisplaySerializerRegistryImpl/DefaultPluginImpl of DefaultPluginImpl [roughlyenoughitems]/"
[22:03:27] [main/TRACE] [REI] [REIPlugin END] Reloading Section: "reloadable-plugin/DisplaySerializerRegistryImpl/DefaultPluginImpl of DefaultPluginImpl [roughlyenoughitems]/" done in 13.16 ms
[22:03:27] [main/TRACE] [REI] [REIPlugin END] Reloading Section: "reloadable-plugin/DisplaySerializerRegistryImpl/DefaultRuntimePlugin of DefaultRuntimePlugin [roughlyenoughitems]/"
[22:03:27] [main/TRACE] [REI] [REIPlugin END] Reloading Section: "reloadable-plugin/DisplaySerializerRegistryImpl/DefaultRuntimePlugin of DefaultRuntimePlugin [roughlyenoughitems]/" done in 57.68 μs
[22:03:27] [main/TRACE] [REI] [REIPlugin END] Reloading Section: "reloadable-plugin/DisplaySerializerRegistryImpl/StorageReiCommonPlugin of StorageReiCommonPlugin [sophisticatedstorage]/"
[22:03:27] [main/TRACE] [REI] [REIPlugin END] Reloading Section: "reloadable-plugin/DisplaySerializerRegistryImpl/StorageReiCommonPlugin of StorageReiCommonPlugin [sophisticatedstorage]/" done in 40.97 μs
[22:03:27] [main/TRACE] [REI] [REIPlugin END] Reloading Section: "reloadable-plugin/DisplaySerializerRegistryImpl/BackpackReiCommonPlugin of BackpackReiCommonPlugin [sophisticatedbackpacks]/"
[22:03:27] [main/TRACE] [REI] [REIPlugin END] Reloading Section: "reloadable-plugin/DisplaySerializerRegistryImpl/BackpackReiCommonPlugin of BackpackReiCommonPlugin [sophisticatedbackpacks]/" done in 38.67 μs
[22:03:27] [main/TRACE] [REI] [REIPlugin END] Reloading Section: "reloadable-plugin/DisplaySerializerRegistryImpl/CoreReiCommonPlugin of CoreReiCommonPlugin [sophisticatedcore]/"
[22:03:27] [main/TRACE] [REI] [REIPlugin END] Reloading Section: "reloadable-plugin/DisplaySerializerRegistryImpl/CoreReiCommonPlugin of CoreReiCommonPlugin [sophisticatedcore]/" done in 38.56 μs
[22:03:27] [main/TRACE] [REI] [REIPlugin END] Reloading Section: "reloadable-plugin/DisplaySerializerRegistryImpl/" done in 13.75 ms
[22:03:27] [main/TRACE] [REI] [REIPlugin END] Reloading Section: "reloadable-plugin/FluidSupportProviderImpl/"
[22:03:27] [main/TRACE] [REI] [REIPlugin END] Reloading Section: "reloadable-plugin/FluidSupportProviderImpl/DefaultPluginImpl of DefaultPluginImpl [roughlyenoughitems]/"
[22:03:27] [main/TRACE] [REI] [REIPlugin END] Reloading Section: "reloadable-plugin/FluidSupportProviderImpl/DefaultPluginImpl of DefaultPluginImpl [roughlyenoughitems]/" done in 33.29 μs
[22:03:27] [main/TRACE] [REI] [REIPlugin END] Reloading Section: "reloadable-plugin/FluidSupportProviderImpl/DefaultRuntimePlugin of DefaultRuntimePlugin [roughlyenoughitems]/"
[22:03:27] [main/TRACE] [REI] [REIPlugin END] Reloading Section: "reloadable-plugin/FluidSupportProviderImpl/DefaultRuntimePlugin of DefaultRuntimePlugin [roughlyenoughitems]/" done in 38.76 μs
[22:03:27] [main/TRACE] [REI] [REIPlugin END] Reloading Section: "reloadable-plugin/FluidSupportProviderImpl/StorageReiCommonPlugin of StorageReiCommonPlugin [sophisticatedstorage]/"
[22:03:27] [main/TRACE] [REI] [REIPlugin END] Reloading Section: "reloadable-plugin/FluidSupportProviderImpl/StorageReiCommonPlugin of StorageReiCommonPlugin [sophisticatedstorage]/" done in 52.65 μs
[22:03:27] [main/TRACE] [REI] [REIPlugin END] Reloading Section: "reloadable-plugin/FluidSupportProviderImpl/BackpackReiCommonPlugin of BackpackReiCommonPlugin [sophisticatedbackpacks]/"
[22:03:27] [main/TRACE] [REI] [REIPlugin END] Reloading Section: "reloadable-plugin/FluidSupportProviderImpl/BackpackReiCommonPlugin of BackpackReiCommonPlugin [sophisticatedbackpacks]/" done in 51.04 μs
[22:03:27] [main/TRACE] [REI] [REIPlugin END] Reloading Section: "reloadable-plugin/FluidSupportProviderImpl/CoreReiCommonPlugin of CoreReiCommonPlugin [sophisticatedcore]/"
[22:03:27] [main/TRACE] [REI] [REIPlugin END] Reloading Section: "reloadable-plugin/FluidSupportProviderImpl/CoreReiCommonPlugin of CoreReiCommonPlugin [sophisticatedcore]/" done in 30.97 μs
[22:03:27] [main/TRACE] [REI] [REIPlugin END] Reloading Section: "reloadable-plugin/FluidSupportProviderImpl/" done in 547.7 μs
[22:03:27] [main/DEBUG] [REI] ========================================
[22:03:27] [main/DEBUG] [REI] REIPlugin ending main-reload for END.
[22:03:27] [main/DEBUG] [REI] ========================================
[22:03:27] [main/TRACE] [REI] [REIPlugin END] Reloading Section: "end-reload/"
[22:03:27] [main/TRACE] [REI] [REIPlugin END] Reloading Section: "end-reload/EntryTypeRegistryImpl/"
[22:03:27] [main/TRACE] [REI] [REIPlugin END] Reloading Section: "end-reload/EntryTypeRegistryImpl/" done in 30.63 μs
[22:03:27] [main/TRACE] [REI] [REIPlugin END] Reloading Section: "end-reload/EntrySettingsAdapterRegistryImpl/"
[22:03:27] [main/TRACE] [REI] [REIPlugin END] Reloading Section: "end-reload/EntrySettingsAdapterRegistryImpl/" done in 78.20 μs
[22:03:27] [main/TRACE] [REI] [REIPlugin END] Reloading Section: "end-reload/RecipeManagerContextImpl/"
[22:03:27] [main/TRACE] [REI] [REIPlugin END] Reloading Section: "end-reload/RecipeManagerContextImpl/" done in 46.11 μs
[22:03:27] [main/TRACE] [REI] [REIPlugin END] Reloading Section: "end-reload/ItemComparatorRegistryImpl/"
[22:03:27] [main/TRACE] [REI] [REIPlugin END] Reloading Section: "end-reload/ItemComparatorRegistryImpl/" done in 14.88 μs
[22:03:27] [main/TRACE] [REI] [REIPlugin END] Reloading Section: "end-reload/FluidComparatorRegistryImpl/"
[22:03:27] [main/TRACE] [REI] [REIPlugin END] Reloading Section: "end-reload/FluidComparatorRegistryImpl/" done in 13.33 μs
[22:03:27] [main/TRACE] [REI] [REIPlugin END] Reloading Section: "end-reload/DisplaySerializerRegistryImpl/"
[22:03:27] [main/TRACE] [REI] [REIPlugin END] Reloading Section: "end-reload/DisplaySerializerRegistryImpl/" done in 12.87 μs
[22:03:27] [main/TRACE] [REI] [REIPlugin END] Reloading Section: "end-reload/FluidSupportProviderImpl/"
[22:03:27] [main/TRACE] [REI] [REIPlugin END] Reloading Section: "end-reload/FluidSupportProviderImpl/" done in 12.97 μs
[22:03:27] [main/TRACE] [REI] [REIPlugin END] Reloading Section: "end-reload/" done in 494.4 μs
[22:03:27] [main/DEBUG] [REI] ========================================
[22:03:27] [main/DEBUG] [REI] REIPlugin ended main-reload for END in 22.13 ms.
[22:03:27] [main/DEBUG] [REI] ========================================
[22:03:27] [main/INFO] [REI] @@@@@@@@@@@@@@@@@@@@@@@@@@@@@@@@@@@@@@@@
[22:03:27] [main/INFO] [REI] REIServerPlugin starting main-reload for END.
[22:03:27] [main/DEBUG] [REI] Reloadables (2):
[22:03:27] [main/DEBUG] [REI]  - MenuInfoRegistryImpl
[22:03:27] [main/DEBUG] [REI]  - SlotAccessorRegistryImpl
[22:03:27] [main/INFO] [REI] Plugins (5):
[22:03:27] [main/INFO] [REI]  - (-100.00) DefaultPluginImpl of DefaultPluginImpl [roughlyenoughitems]
[22:03:27] [main/INFO] [REI]  - (0.00) StorageReiCommonPlugin of StorageReiCommonPlugin [sophisticatedstorage]
[22:03:27] [main/INFO] [REI]  - (0.00) BackpackReiCommonPlugin of BackpackReiCommonPlugin [sophisticatedbackpacks]
[22:03:27] [main/INFO] [REI]  - (0.00) CoreReiCommonPlugin of CoreReiCommonPlugin [sophisticatedcore]
[22:03:27] [main/INFO] [REI]  - (0.00) DefaultRuntimePlugin of DefaultRuntimePlugin [roughlyenoughitems]
[22:03:27] [main/INFO] [REI] @@@@@@@@@@@@@@@@@@@@@@@@@@@@@@@@@@@@@@@@
[22:03:27] [main/TRACE] [REI] [REIServerPlugin END] Reloading Section: "start-reload/"
[22:03:27] [main/TRACE] [REI] [REIServerPlugin END] Reloading Section: "start-reload/MenuInfoRegistryImpl/"
[22:03:27] [main/TRACE] [REI] [REIServerPlugin END] Reloading Section: "start-reload/MenuInfoRegistryImpl/" done in 28.34 μs
[22:03:27] [main/TRACE] [REI] [REIServerPlugin END] Reloading Section: "start-reload/SlotAccessorRegistryImpl/"
[22:03:27] [main/TRACE] [REI] [REIServerPlugin END] Reloading Section: "start-reload/SlotAccessorRegistryImpl/" done in 19.29 μs
[22:03:27] [main/TRACE] [REI] [REIServerPlugin END] Reloading Section: "start-reload/" done in 154.2 μs
[22:03:27] [main/DEBUG] [REI] ========================================
[22:03:27] [main/DEBUG] [REI] REIServerPlugin started main-reload for END.
[22:03:27] [main/DEBUG] [REI] ========================================
[22:03:27] [main/TRACE] [REI] [REIServerPlugin END] Reloading Section: "reloadable-plugin/MenuInfoRegistryImpl/"
[22:03:27] [main/TRACE] [REI] [REIServerPlugin END] Reloading Section: "reloadable-plugin/MenuInfoRegistryImpl/DefaultPluginImpl of DefaultPluginImpl [roughlyenoughitems]/"
[22:03:27] [main/TRACE] [REI] [REIServerPlugin END] Reloading Section: "reloadable-plugin/MenuInfoRegistryImpl/DefaultPluginImpl of DefaultPluginImpl [roughlyenoughitems]/" done in 92.95 μs
[22:03:27] [main/TRACE] [REI] [REIServerPlugin END] Reloading Section: "reloadable-plugin/MenuInfoRegistryImpl/StorageReiCommonPlugin of StorageReiCommonPlugin [sophisticatedstorage]/"
[22:03:27] [main/TRACE] [REI] [REIServerPlugin END] Reloading Section: "reloadable-plugin/MenuInfoRegistryImpl/StorageReiCommonPlugin of StorageReiCommonPlugin [sophisticatedstorage]/" done in 46.96 μs
[22:03:27] [main/TRACE] [REI] [REIServerPlugin END] Reloading Section: "reloadable-plugin/MenuInfoRegistryImpl/BackpackReiCommonPlugin of BackpackReiCommonPlugin [sophisticatedbackpacks]/"
[22:03:27] [main/TRACE] [REI] [REIServerPlugin END] Reloading Section: "reloadable-plugin/MenuInfoRegistryImpl/BackpackReiCommonPlugin of BackpackReiCommonPlugin [sophisticatedbackpacks]/" done in 35.93 μs
[22:03:27] [main/TRACE] [REI] [REIServerPlugin END] Reloading Section: "reloadable-plugin/MenuInfoRegistryImpl/CoreReiCommonPlugin of CoreReiCommonPlugin [sophisticatedcore]/"
[22:03:27] [main/TRACE] [REI] [REIServerPlugin END] Reloading Section: "reloadable-plugin/MenuInfoRegistryImpl/CoreReiCommonPlugin of CoreReiCommonPlugin [sophisticatedcore]/" done in 75.10 μs
[22:03:27] [main/TRACE] [REI] [REIServerPlugin END] Reloading Section: "reloadable-plugin/MenuInfoRegistryImpl/DefaultRuntimePlugin of DefaultRuntimePlugin [roughlyenoughitems]/"
[22:03:27] [main/TRACE] [REI] [REIServerPlugin END] Reloading Section: "reloadable-plugin/MenuInfoRegistryImpl/DefaultRuntimePlugin of DefaultRuntimePlugin [roughlyenoughitems]/" done in 39.39 μs
[22:03:27] [main/TRACE] [REI] [REIServerPlugin END] Reloading Section: "reloadable-plugin/MenuInfoRegistryImpl/" done in 703.2 μs
[22:03:27] [main/TRACE] [REI] [REIServerPlugin END] Reloading Section: "reloadable-plugin/SlotAccessorRegistryImpl/"
[22:03:27] [main/TRACE] [REI] [REIServerPlugin END] Reloading Section: "reloadable-plugin/SlotAccessorRegistryImpl/DefaultPluginImpl of DefaultPluginImpl [roughlyenoughitems]/"
[22:03:27] [main/TRACE] [REI] [REIServerPlugin END] Reloading Section: "reloadable-plugin/SlotAccessorRegistryImpl/DefaultPluginImpl of DefaultPluginImpl [roughlyenoughitems]/" done in 48.55 μs
[22:03:27] [main/TRACE] [REI] [REIServerPlugin END] Reloading Section: "reloadable-plugin/SlotAccessorRegistryImpl/StorageReiCommonPlugin of StorageReiCommonPlugin [sophisticatedstorage]/"
[22:03:27] [main/TRACE] [REI] [REIServerPlugin END] Reloading Section: "reloadable-plugin/SlotAccessorRegistryImpl/StorageReiCommonPlugin of StorageReiCommonPlugin [sophisticatedstorage]/" done in 38.59 μs
[22:03:27] [main/TRACE] [REI] [REIServerPlugin END] Reloading Section: "reloadable-plugin/SlotAccessorRegistryImpl/BackpackReiCommonPlugin of BackpackReiCommonPlugin [sophisticatedbackpacks]/"
[22:03:27] [main/TRACE] [REI] [REIServerPlugin END] Reloading Section: "reloadable-plugin/SlotAccessorRegistryImpl/BackpackReiCommonPlugin of BackpackReiCommonPlugin [sophisticatedbackpacks]/" done in 44.25 μs
[22:03:27] [main/TRACE] [REI] [REIServerPlugin END] Reloading Section: "reloadable-plugin/SlotAccessorRegistryImpl/CoreReiCommonPlugin of CoreReiCommonPlugin [sophisticatedcore]/"
[22:03:27] [main/DEBUG] [REI] Added slot accessor serializer: net.p3pp3rf1y.sophisticatedcore.compat.recipeviewers.rei.CoreReiCommonPlugin$1@2ae5c2da [sophisticatedcore:storage]
[22:03:27] [main/TRACE] [REI] [REIServerPlugin END] Reloading Section: "reloadable-plugin/SlotAccessorRegistryImpl/CoreReiCommonPlugin of CoreReiCommonPlugin [sophisticatedcore]/" done in 936.6 μs
[22:03:27] [main/TRACE] [REI] [REIServerPlugin END] Reloading Section: "reloadable-plugin/SlotAccessorRegistryImpl/DefaultRuntimePlugin of DefaultRuntimePlugin [roughlyenoughitems]/"
[22:03:27] [main/DEBUG] [REI] Added slot accessor serializer: me.shedaniel.rei.plugin.common.runtime.DefaultRuntimePlugin$1@3316d545 [roughlyenoughitems:vanilla]
[22:03:27] [main/DEBUG] [REI] Added slot accessor serializer: me.shedaniel.rei.plugin.common.runtime.DefaultRuntimePlugin$2@6639ee65 [roughlyenoughitems:player]
[22:03:27] [main/TRACE] [REI] [REIServerPlugin END] Reloading Section: "reloadable-plugin/SlotAccessorRegistryImpl/DefaultRuntimePlugin of DefaultRuntimePlugin [roughlyenoughitems]/" done in 651.8 μs
[22:03:27] [main/TRACE] [REI] [REIServerPlugin END] Reloading Section: "reloadable-plugin/SlotAccessorRegistryImpl/" done in 2.149 ms
[22:03:27] [main/DEBUG] [REI] ========================================
[22:03:27] [main/DEBUG] [REI] REIServerPlugin ending main-reload for END.
[22:03:27] [main/DEBUG] [REI] ========================================
[22:03:27] [main/TRACE] [REI] [REIServerPlugin END] Reloading Section: "end-reload/"
[22:03:27] [main/TRACE] [REI] [REIServerPlugin END] Reloading Section: "end-reload/MenuInfoRegistryImpl/"
[22:03:27] [main/DEBUG] [REI] Registered 0 menu infos
[22:03:27] [main/TRACE] [REI] [REIServerPlugin END] Reloading Section: "end-reload/MenuInfoRegistryImpl/" done in 134.3 μs
[22:03:27] [main/TRACE] [REI] [REIServerPlugin END] Reloading Section: "end-reload/SlotAccessorRegistryImpl/"
[22:03:27] [main/DEBUG] [REI] Registered 3 slot accessor serializers
[22:03:27] [main/TRACE] [REI] [REIServerPlugin END] Reloading Section: "end-reload/SlotAccessorRegistryImpl/" done in 88.67 μs
[22:03:27] [main/TRACE] [REI] [REIServerPlugin END] Reloading Section: "end-reload/" done in 467.4 μs
[22:03:27] [main/DEBUG] [REI] ========================================
[22:03:27] [main/DEBUG] [REI] REIServerPlugin ended main-reload for END in 4.892 ms.
[22:03:27] [main/DEBUG] [REI] ========================================
[22:03:27] [main/DEBUG] [REI] ========================================
[22:03:27] [main/DEBUG] [REI] REIPlugin starting post-reload for END.
[22:03:27] [main/DEBUG] [REI] Reloadables (7):
[22:03:27] [main/DEBUG] [REI]  - EntryTypeRegistryImpl
[22:03:27] [main/DEBUG] [REI]  - EntrySettingsAdapterRegistryImpl
[22:03:27] [main/DEBUG] [REI]  - RecipeManagerContextImpl
[22:03:27] [main/DEBUG] [REI]  - ItemComparatorRegistryImpl
[22:03:27] [main/DEBUG] [REI]  - FluidComparatorRegistryImpl
[22:03:27] [main/DEBUG] [REI]  - DisplaySerializerRegistryImpl
[22:03:27] [main/DEBUG] [REI]  - FluidSupportProviderImpl
[22:03:27] [main/DEBUG] [REI] Plugins (5):
[22:03:27] [main/DEBUG] [REI]  - (-100.00) DefaultPluginImpl of DefaultPluginImpl [roughlyenoughitems]
[22:03:27] [main/DEBUG] [REI]  - (0.00) DefaultRuntimePlugin of DefaultRuntimePlugin [roughlyenoughitems]
[22:03:27] [main/DEBUG] [REI]  - (0.00) StorageReiCommonPlugin of StorageReiCommonPlugin [sophisticatedstorage]
[22:03:27] [main/DEBUG] [REI]  - (0.00) BackpackReiCommonPlugin of BackpackReiCommonPlugin [sophisticatedbackpacks]
[22:03:27] [main/DEBUG] [REI]  - (0.00) CoreReiCommonPlugin of CoreReiCommonPlugin [sophisticatedcore]
[22:03:27] [main/DEBUG] [REI] ========================================
[22:03:27] [main/TRACE] [REI] [REIPlugin END] Reloading Section: "post-register/"
[22:03:27] [main/TRACE] [REI] [REIPlugin END] Reloading Section: "post-register/DefaultPluginImpl of DefaultPluginImpl [roughlyenoughitems]/"
[22:03:27] [main/TRACE] [REI] [REIPlugin END] Reloading Section: "post-register/DefaultPluginImpl of DefaultPluginImpl [roughlyenoughitems]/" done in 21.47 μs
[22:03:27] [main/TRACE] [REI] [REIPlugin END] Reloading Section: "post-register/DefaultRuntimePlugin of DefaultRuntimePlugin [roughlyenoughitems]/"
[22:03:27] [main/TRACE] [REI] [REIPlugin END] Reloading Section: "post-register/DefaultRuntimePlugin of DefaultRuntimePlugin [roughlyenoughitems]/" done in 20.04 μs
[22:03:27] [main/TRACE] [REI] [REIPlugin END] Reloading Section: "post-register/StorageReiCommonPlugin of StorageReiCommonPlugin [sophisticatedstorage]/"
[22:03:27] [main/TRACE] [REI] [REIPlugin END] Reloading Section: "post-register/StorageReiCommonPlugin of StorageReiCommonPlugin [sophisticatedstorage]/" done in 14.99 μs
[22:03:27] [main/TRACE] [REI] [REIPlugin END] Reloading Section: "post-register/BackpackReiCommonPlugin of BackpackReiCommonPlugin [sophisticatedbackpacks]/"
[22:03:27] [main/TRACE] [REI] [REIPlugin END] Reloading Section: "post-register/BackpackReiCommonPlugin of BackpackReiCommonPlugin [sophisticatedbackpacks]/" done in 12.99 μs
[22:03:27] [main/TRACE] [REI] [REIPlugin END] Reloading Section: "post-register/CoreReiCommonPlugin of CoreReiCommonPlugin [sophisticatedcore]/"
[22:03:27] [main/TRACE] [REI] [REIPlugin END] Reloading Section: "post-register/CoreReiCommonPlugin of CoreReiCommonPlugin [sophisticatedcore]/" done in 12.70 μs
[22:03:27] [main/TRACE] [REI] [REIPlugin END] Reloading Section: "post-register/" done in 319.3 μs
[22:03:27] [main/TRACE] [REI] [REIPlugin END] Reloading Section: "post-stage/"
[22:03:27] [main/TRACE] [REI] [REIPlugin END] Reloading Section: "post-stage/EntryTypeRegistryImpl/"
[22:03:27] [main/TRACE] [REI] [REIPlugin END] Reloading Section: "post-stage/EntryTypeRegistryImpl/" done in 11.76 μs
[22:03:27] [main/TRACE] [REI] [REIPlugin END] Reloading Section: "post-stage/EntrySettingsAdapterRegistryImpl/"
[22:03:27] [main/TRACE] [REI] [REIPlugin END] Reloading Section: "post-stage/EntrySettingsAdapterRegistryImpl/" done in 21.97 μs
[22:03:27] [main/TRACE] [REI] [REIPlugin END] Reloading Section: "post-stage/RecipeManagerContextImpl/"
[22:03:27] [main/TRACE] [REI] [REIPlugin END] Reloading Section: "post-stage/RecipeManagerContextImpl/" done in 23.22 μs
[22:03:27] [main/TRACE] [REI] [REIPlugin END] Reloading Section: "post-stage/ItemComparatorRegistryImpl/"
[22:03:27] [main/TRACE] [REI] [REIPlugin END] Reloading Section: "post-stage/ItemComparatorRegistryImpl/" done in 22.83 μs
[22:03:27] [main/TRACE] [REI] [REIPlugin END] Reloading Section: "post-stage/FluidComparatorRegistryImpl/"
[22:03:27] [main/TRACE] [REI] [REIPlugin END] Reloading Section: "post-stage/FluidComparatorRegistryImpl/" done in 19.41 μs
[22:03:27] [main/TRACE] [REI] [REIPlugin END] Reloading Section: "post-stage/DisplaySerializerRegistryImpl/"
[22:03:27] [main/TRACE] [REI] [REIPlugin END] Reloading Section: "post-stage/DisplaySerializerRegistryImpl/" done in 19.87 μs
[22:03:27] [main/TRACE] [REI] [REIPlugin END] Reloading Section: "post-stage/FluidSupportProviderImpl/"
[22:03:27] [main/TRACE] [REI] [REIPlugin END] Reloading Section: "post-stage/FluidSupportProviderImpl/" done in 21.08 μs
[22:03:27] [main/TRACE] [REI] [REIPlugin END] Reloading Section: "post-stage/" done in 465.6 μs
[22:03:27] [main/DEBUG] [REI] ========================================
[22:03:27] [main/INFO] [REI] REIPlugin finished post-reload for END in 861.5 μs, totaling 24.37 ms.
[22:03:27] [main/DEBUG] [REI] ========================================
[22:03:27] [main/DEBUG] [REI] ========================================
[22:03:27] [main/DEBUG] [REI] REIServerPlugin starting post-reload for END.
[22:03:27] [main/DEBUG] [REI] Reloadables (2):
[22:03:27] [main/DEBUG] [REI]  - MenuInfoRegistryImpl
[22:03:27] [main/DEBUG] [REI]  - SlotAccessorRegistryImpl
[22:03:27] [main/DEBUG] [REI] Plugins (5):
[22:03:27] [main/DEBUG] [REI]  - (-100.00) DefaultPluginImpl of DefaultPluginImpl [roughlyenoughitems]
[22:03:27] [main/DEBUG] [REI]  - (0.00) StorageReiCommonPlugin of StorageReiCommonPlugin [sophisticatedstorage]
[22:03:27] [main/DEBUG] [REI]  - (0.00) BackpackReiCommonPlugin of BackpackReiCommonPlugin [sophisticatedbackpacks]
[22:03:27] [main/DEBUG] [REI]  - (0.00) CoreReiCommonPlugin of CoreReiCommonPlugin [sophisticatedcore]
[22:03:27] [main/DEBUG] [REI]  - (0.00) DefaultRuntimePlugin of DefaultRuntimePlugin [roughlyenoughitems]
[22:03:27] [main/DEBUG] [REI] ========================================
[22:03:27] [main/TRACE] [REI] [REIServerPlugin END] Reloading Section: "post-register/"
[22:03:27] [main/TRACE] [REI] [REIServerPlugin END] Reloading Section: "post-register/DefaultPluginImpl of DefaultPluginImpl [roughlyenoughitems]/"
[22:03:27] [main/TRACE] [REI] [REIServerPlugin END] Reloading Section: "post-register/DefaultPluginImpl of DefaultPluginImpl [roughlyenoughitems]/" done in 54.40 μs
[22:03:27] [main/TRACE] [REI] [REIServerPlugin END] Reloading Section: "post-register/StorageReiCommonPlugin of StorageReiCommonPlugin [sophisticatedstorage]/"
[22:03:27] [main/TRACE] [REI] [REIServerPlugin END] Reloading Section: "post-register/StorageReiCommonPlugin of StorageReiCommonPlugin [sophisticatedstorage]/" done in 30.87 μs
[22:03:27] [main/TRACE] [REI] [REIServerPlugin END] Reloading Section: "post-register/BackpackReiCommonPlugin of BackpackReiCommonPlugin [sophisticatedbackpacks]/"
[22:03:27] [main/TRACE] [REI] [REIServerPlugin END] Reloading Section: "post-register/BackpackReiCommonPlugin of BackpackReiCommonPlugin [sophisticatedbackpacks]/" done in 29.56 μs
[22:03:27] [main/TRACE] [REI] [REIServerPlugin END] Reloading Section: "post-register/CoreReiCommonPlugin of CoreReiCommonPlugin [sophisticatedcore]/"
[22:03:27] [main/TRACE] [REI] [REIServerPlugin END] Reloading Section: "post-register/CoreReiCommonPlugin of CoreReiCommonPlugin [sophisticatedcore]/" done in 28.27 μs
[22:03:27] [main/TRACE] [REI] [REIServerPlugin END] Reloading Section: "post-register/DefaultRuntimePlugin of DefaultRuntimePlugin [roughlyenoughitems]/"
[22:03:27] [main/TRACE] [REI] [REIServerPlugin END] Reloading Section: "post-register/DefaultRuntimePlugin of DefaultRuntimePlugin [roughlyenoughitems]/" done in 26.15 μs
[22:03:27] [main/TRACE] [REI] [REIServerPlugin END] Reloading Section: "post-register/" done in 482.3 μs
[22:03:27] [main/TRACE] [REI] [REIServerPlugin END] Reloading Section: "post-stage/"
[22:03:27] [main/TRACE] [REI] [REIServerPlugin END] Reloading Section: "post-stage/MenuInfoRegistryImpl/"
[22:03:27] [main/TRACE] [REI] [REIServerPlugin END] Reloading Section: "post-stage/MenuInfoRegistryImpl/" done in 25.03 μs
[22:03:27] [main/TRACE] [REI] [REIServerPlugin END] Reloading Section: "post-stage/SlotAccessorRegistryImpl/"
[22:03:27] [main/TRACE] [REI] [REIServerPlugin END] Reloading Section: "post-stage/SlotAccessorRegistryImpl/" done in 24.93 μs
[22:03:27] [main/TRACE] [REI] [REIServerPlugin END] Reloading Section: "post-stage/" done in 176.1 μs
[22:03:27] [main/DEBUG] [REI] ========================================
[22:03:27] [main/INFO] [REI] REIServerPlugin finished post-reload for END in 749.4 μs, totaling 6.439 ms.
[22:03:27] [main/DEBUG] [REI] ========================================
